year,month,RES_NAME,pdsi
2021,1.0,ALAN HENRY RESERVOIR,-2.2633333
2021,1.0,ALCOA LAKE,-1.5616667
2021,1.0,ANZALDUAS CHANNEL DAM,2.7416668
2021,1.0,AQUILLA LAKE,-1.3016667
2021,1.0,B A STEINHAGEN LAKE,1.7566667
2021,1.0,BARDWELL LAKE,1.2083334
2021,1.0,BAYLOR LAKE,-0.98
2021,1.0,BELTON LAKE,-0.7266667
2021,1.0,BENBROOK LAKE,-1.7066667
2021,1.0,BRADY CREEK RESERVOIR,-2.3666666
2021,1.0,BRANDY BRANCH COOLING POND,2.7233334
2021,1.0,BRAZORIA RESERVOIR,-0.78999996
2021,1.0,BRYAN UTILITIES LAKE,-1.9983333
2021,1.0,CADDO LAKE,2.9866667
2021,1.0,CALAVERAS LAKE,-2.4016666
2021,1.0,CANYON LAKE,-1.515
2021,1.0,CASA BLANCA LAKE,-1.495
2021,1.0,CEDAR BAYOU GENERATING POND,0.19166666
2021,1.0,CEDAR CREEK RESERVOIR COLORADO,-2.6950002
2021,1.0,CEDAR CREEK RESERVOIR TRINITY,4.31
2021,1.0,CHAMPION CREEK RESERVOIR,-1.1633333
2021,1.0,CHOKE CANYON RESERVOIR,-0.021666666
2021,1.0,COLETO CREEK RESERVOIR,-2.315
2021,1.0,COX LAKE / RAW WATER LAKE / RECYCLE LAKE,-0.98333335
2021,1.0,DELTA LAKE,1.0483333
2021,1.0,E V SPENCE RESERVOIR,1.345
2021,1.0,EAGLE LAKE,-1.33
2021,1.0,EAGLE MOUNTAIN LAKE,0.81
2021,1.0,EAGLE NEST LAKE / MANOR LAKE,2.38
2021,1.0,ELLISON CREEK RESERVOIR,3.2883334
2021,1.0,FAIRFIELD LAKE,3.2350001
2021,1.0,FARMER'S CREEK RESERVOIR,-1.1966667
2021,1.0,FOREST GROVE RESERVOIR,3.375
2021,1.0,GIBBONS CREEK RESERVOIR,-2.5833333
2021,1.0,GRANGER LAKE,-1.795
2021,1.0,GRAPEVINE LAKE,2.7
2021,1.0,GREENBELT LAKE,-1.9066666
2021,1.0,GULF COAST WATER AUTHORITY RESERVOIR,0.5366667
2021,1.0,HORDS CREEK LAKE,-2.2466667
2021,1.0,HOUSTON COUNTY LAKE,-1.37
2021,1.0,HUBBARD CREEK RESERVOIR,1.805
2021,1.0,HUBERT H MOSS LAKE,2.3733335
2021,1.0,IMPERIAL RESERVOIR,-3.285
2021,1.0,INKS LAKE,-1.5083333
2021,1.0,INTERNATIONAL AMISTAD RESERVOIR,-1.9766667
2021,1.0,INTERNATIONAL FALCON RESERVOIR,-1.71
2021,1.0,JIM CHAPMAN LAKE,1.5183333
2021,1.0,JOE POOL LAKE,0.87833333
2021,1.0,JOHNSON CREEK RESERVOIR,3.7266667
2021,1.0,LAKE ABILENE,-1.03
2021,1.0,LAKE AMON G CARTER,-1.3916667
2021,1.0,LAKE ANAHUAC,0.39833334
2021,1.0,LAKE ARLINGTON,0.68333334
2021,1.0,LAKE ARROWHEAD,2.175
2021,1.0,LAKE ATHENS,3.0433333
2021,1.0,LAKE AUSTIN,-1.6633333
2021,1.0,LAKE BALLINGER / LAKE MOONEN,-2.0149999
2021,1.0,LAKE BALMORHEA,-3.4616666
2021,1.0,LAKE BASTROP,-2.365
2021,1.0,LAKE BOB SANDLIN,3.0516667
2021,1.0,LAKE BONHAM,1.9333333
2021,1.0,LAKE BRIDGEPORT,-1.01
2021,1.0,LAKE BROWNWOOD,-1.0366666
2021,1.0,LAKE BUCHANAN,-1.5866667
2021,1.0,LAKE CHEROKEE,1.8833333
2021,1.0,LAKE CISCO,-1.1683333
2021,1.0,LAKE CLYDE,1.655
2021,1.0,LAKE COLEMAN,-1.2183334
2021,1.0,LAKE COLORADO CITY,-1.4183333
2021,1.0,LAKE CONROE,1.6833333
2021,1.0,LAKE CORPUS CHRISTI RESERVOIR,-0.0016666614
2021,1.0,LAKE CREEK LAKE,2.9416666
2021,1.0,LAKE CROOK,3.9533334
2021,1.0,LAKE CYPRESS SPRINGS,3.2133334
2021,1.0,LAKE DANIEL,1.11
2021,1.0,LAKE DAVIS,-2.0016665
2021,1.0,LAKE DIVERSION,1.8883333
2021,1.0,LAKE DUNLAP,-3.09
2021,1.0,LAKE ELECTRA,1.1033334
2021,1.0,LAKE FORK RESERVOIR,3.3966665
2021,1.0,LAKE FORT PHANTOM HILL,1.01
2021,1.0,LAKE GEORGETOWN,-1.6466666
2021,1.0,LAKE GILMER,1.76
2021,1.0,LAKE GLADEWATER,2.6483333
2021,1.0,LAKE GONZALES (H-4),-2.5733333
2021,1.0,LAKE GRAHAM,1.09
2021,1.0,LAKE GRANBURY,0.595
2021,1.0,LAKE HALBERT,1.92
2021,1.0,LAKE HOUSTON,1.585
2021,1.0,LAKE J B THOMAS,-1.6366667
2021,1.0,LAKE JACKSONVILLE,1.4766667
2021,1.0,LAKE KEMP,2.5066667
2021,1.0,LAKE KICKAPOO,1.5183333
2021,1.0,LAKE KIRBY,-1.3483334
2021,1.0,LAKE KURTH,-1.5799999
2021,1.0,LAKE LEON,-0.87
2021,1.0,LAKE LIMESTONE,2.9483333
2021,1.0,LAKE LIVINGSTON,0.9616667
2021,1.0,LAKE LYNDON B JOHNSON,-1.34
2021,1.0,LAKE MARBLE FALLS,-2.2883334
2021,1.0,LAKE MCQUEENEY,-2.6633334
2021,1.0,LAKE MEREDITH,-2.29
2021,1.0,LAKE MEXIA,1.5366666
2021,1.0,LAKE MINERAL WELLS,1.605
2021,1.0,LAKE MURVAUL,1.5566666
2021,1.0,LAKE NACOGDOCHES,-1.2016666
2021,1.0,LAKE NASWORTHY,-2.0916667
2021,1.0,LAKE O' THE PINES,4.17
2021,1.0,LAKE OLNEY / LAKE COOPER,0.8016667
2021,1.0,LAKE PALESTINE,4.005
2021,1.0,LAKE PALO PINTO,-0.8983333
2021,1.0,LAKE PAT CLEBURNE,0.8
2021,1.0,LAKE PAULINE,-1.51
2021,1.0,LAKE RAY HUBBARD,2.0216668
2021,1.0,LAKE RAY ROBERTS,1.2933333
2021,1.0,LAKE STAMFORD,2.0783334
2021,1.0,LAKE STRIKER,0.91
2021,1.0,LAKE SULPHUR SPRINGS,-1.305
2021,1.0,LAKE SWEETWATER,-1.7566667
2021,1.0,LAKE TAWAKONI,2.2766666
2021,1.0,LAKE TEXANA,0.79333335
2021,1.0,LAKE TEXOMA,0.8666667
2021,1.0,LAKE TRAVIS,-1.715
2021,1.0,LAKE TYLER,1.9916667
2021,1.0,LAKE WACO,2.435
2021,1.0,LAKE WALTER E LONG,-1.6566666
2021,1.0,LAKE WAXAHACHIE,-1.38
2021,1.0,LAKE WEATHERFORD,0.77166665
2021,1.0,LAKE WHITNEY,-1.215
2021,1.0,LAKE WICHITA,2.0566666
2021,1.0,LAKE WINTERS/NEW LAKE WINTERS,-1.5016667
2021,1.0,LAKE WORTH,-1.37
2021,1.0,LAVON LAKE,3.51
2021,1.0,LEWIS CREEK RESERVOIR,-1.5383333
2021,1.0,LEWISVILLE LAKE,3.7433333
2021,1.0,LOMA ALTA LAKE,-1.605
2021,1.0,LOST CREEK RESERVOIR,1.4183333
2021,1.0,MACKENZIE RESERVOIR,-3.1583333
2021,1.0,MARTIN LAKE,2.16
2021,1.0,MEDINA LAKE,-2.475
2021,1.0,MILLERS CREEK RESERVOIR,-0.6933333
2021,1.0,MITCHELL COUNTY RESERVOIR,-0.9533334
2021,1.0,MONTICELLO RESERVOIR,2.8899999
2021,1.0,MOUNTAIN CREEK LAKE,2.5983334
2021,1.0,MUD LAKE NO. 4,-0.68833333
2021,1.0,MUSTANG LAKE EAST/MUSTANG LAKE WEST,2.8583333
2021,1.0,NAVARRO MILLS LAKE,1.6516666
2021,1.0,NEW TERRELL CITY LAKE,-0.81333333
2021,1.0,NORTH FORK BUFFALO CREEK RESERVOIR,1.4666667
2021,1.0,NORTH LAKE,1.0983334
2021,1.0,O C FISHER LAKE,-1.1433333
2021,1.0,O H IVIE RESERVOIR,-2.3
2021,1.0,OAK CREEK RESERVOIR,0.86
2021,1.0,PALO DURO RESERVOIR,-1.69
2021,1.0,PAT MAYSE LAKE,3.01
2021,1.0,PEACOCK SITE 1A TAILINGS RESERVOIR,2.8083334
2021,1.0,PINKSTON RESERVOIR,1.2116667
2021,1.0,POSSUM KINGDOM LAKE,2.23
2021,1.0,PROCTOR LAKE,0.74333334
2021,1.0,RANDELL LAKE,0.685
2021,1.0,RED BLUFF RESERVOIR,-3.6516666
2021,1.0,RED DRAW RESERVOIR,-2.095
2021,1.0,RICHLAND-CHAMBERS RESERVOIR,3.1283333
2021,1.0,RIVER CREST LAKE,2.5783334
2021,1.0,SAM RAYBURN RESERVOIR,2.185
2021,1.0,SANTA ROSA LAKE,1.8033333
2021,1.0,SHELDON RESERVOIR,0.92833334
2021,1.0,SMITHERS LAKE,2.0066667
2021,1.0,SOMERVILLE LAKE,-0.85833335
2021,1.0,SOUTH TEXAS PROJECT RESERVOIR,-0.9633333
2021,1.0,SQUAW CREEK RESERVOIR,0.845
2021,1.0,STILLHOUSE HOLLOW LAKE,-0.9583333
2021,1.0,SULPHUR SPRINGS DRAW STORAGE RESERVOIR,-2.4233334
2021,1.0,TOLEDO BEND RESERVOIR,5.6716666
2021,1.0,TRADINGHOUSE CREEK RESERVOIR,3.93
2021,1.0,TRINIDAD LAKE,3.215
2021,1.0,TWIN BUTTES RESERVOIR,-1.77
2021,1.0,TWIN OAK RESERVOIR,1.4933333
2021,1.0,UPPER NUECES LAKE,-2.0366666
2021,1.0,VALLEY ACRES RESERVOIR,2.03
2021,1.0,VALLEY LAKE,1.2366667
2021,1.0,VICTOR BRAUNIG LAKE,-1.885
2021,1.0,WALLISVILLE LAKE,-1.4166666
2021,1.0,WELSH RESERVOIR,3.085
2021,1.0,WHITE RIVER LAKE,-2.4483333
2021,1.0,WHITE ROCK LAKE,1.6366667
2021,1.0,WILLIAM HARRIS RESERVOIR,0.9316667
2021,1.0,WRIGHT PATMAN LAKE,5.7933335
2021,1.0,TAILING PONDS NO. 2,-1.6083333
2021,1.0,TAILING PONDS,-1.26
2021,1.0,COFFEE MILL LAKE,2.4666667
2021,1.0,LAKE HAWKINS,1.335
2021,1.0,LAKE HOLBROOK,2.1083333
2021,1.0,LAKE QUITMAN,3.155
2021,1.0,LAKE WINNSBORO,2.785
2021,1.0,LAKE KIOWA,2.4383333
2021,1.0,BARNEY M DAVIS RESERVOIR,-1.4433334
2021,1.0,BIVINS LAKE,-3.025
2021,1.0,TRUSCOTT BRINE LAKE,-1.4333334
2021,1.0,LAKE RITA BLANCA,-2.0633333
2021,1.0,SAN ESTEBAN LAKE,-3.9933333
2021,1.0,CAMP CREEK LAKE,-0.77166665
2021,1.0,NATURAL DAM LAKE,-2.4616666
2021,1.0,J.D. MURPHREE WILDLIFE IMPOUNDMENT,-0.75
2021,1.0,ADDICKS RESERVOIR,0.30833334
2021,1.0,BARKER RESERVOIR,1.285
2021,1.0,BUFFALO LAKE,-2.9983335
2021,1.0,LAKE NACONICHE,0.615
2021,1.0,LOWER RUNNING WATER DRAW WS SCS SITE 2,-3.3483334
2021,1.0,LOWER RUNNING WATER DRAW WS SCS SITE 3,-2.9766667
2021,1.0,ALDERS RESERVOIR,-0.635
2021,2.0,ALAN HENRY RESERVOIR,-2.18
2021,2.0,ALCOA LAKE,-1.216
2021,2.0,ANZALDUAS CHANNEL DAM,2.296
2021,2.0,AQUILLA LAKE,-1.44
2021,2.0,B A STEINHAGEN LAKE,1.514
2021,2.0,BARDWELL LAKE,1.1159999
2021,2.0,BAYLOR LAKE,-0.814
2021,2.0,BELTON LAKE,-0.69
2021,2.0,BENBROOK LAKE,-1.906
2021,2.0,BRADY CREEK RESERVOIR,-1.934
2021,2.0,BRANDY BRANCH COOLING POND,2.6
2021,2.0,BRAZORIA RESERVOIR,-1.316
2021,2.0,BRYAN UTILITIES LAKE,-1.976
2021,2.0,CADDO LAKE,3.056
2021,2.0,CALAVERAS LAKE,-2.392
2021,2.0,CANYON LAKE,-1.678
2021,2.0,CASA BLANCA LAKE,-1.558
2021,2.0,CEDAR BAYOU GENERATING POND,-0.288
2021,2.0,CEDAR CREEK RESERVOIR COLORADO,-2.866
2021,2.0,CEDAR CREEK RESERVOIR TRINITY,4.162
2021,2.0,CHAMPION CREEK RESERVOIR,-1.146
2021,2.0,CHOKE CANYON RESERVOIR,-0.062
2021,2.0,COLETO CREEK RESERVOIR,-2.548
2021,2.0,COX LAKE / RAW WATER LAKE / RECYCLE LAKE,-1.202
2021,2.0,DELTA LAKE,0.232
2021,2.0,E V SPENCE RESERVOIR,1.368
2021,2.0,EAGLE LAKE,-1.3
2021,2.0,EAGLE MOUNTAIN LAKE,-1.154
2021,2.0,EAGLE NEST LAKE / MANOR LAKE,1.8560001
2021,2.0,ELLISON CREEK RESERVOIR,3.628
2021,2.0,FAIRFIELD LAKE,3.056
2021,2.0,FARMER'S CREEK RESERVOIR,-1.4219999
2021,2.0,FOREST GROVE RESERVOIR,3.34
2021,2.0,GIBBONS CREEK RESERVOIR,-2.52
2021,2.0,GRANGER LAKE,-1.602
2021,2.0,GRAPEVINE LAKE,2.228
2021,2.0,GREENBELT LAKE,-1.75
2021,2.0,GULF COAST WATER AUTHORITY RESERVOIR,-0.562
2021,2.0,HORDS CREEK LAKE,-1.756
2021,2.0,HOUSTON COUNTY LAKE,-1.3759999
2021,2.0,HUBBARD CREEK RESERVOIR,1.614
2021,2.0,HUBERT H MOSS LAKE,1.888
2021,2.0,IMPERIAL RESERVOIR,-3.018
2021,2.0,INKS LAKE,-1.414
2021,2.0,INTERNATIONAL AMISTAD RESERVOIR,-1.758
2021,2.0,INTERNATIONAL FALCON RESERVOIR,-1.798
2021,2.0,JIM CHAPMAN LAKE,1.432
2021,2.0,JOE POOL LAKE,0.21799998
2021,2.0,JOHNSON CREEK RESERVOIR,4.044
2021,2.0,LAKE ABILENE,-0.712
2021,2.0,LAKE AMON G CARTER,-1.562
2021,2.0,LAKE ANAHUAC,-0.055999998
2021,2.0,LAKE ARLINGTON,-1.656
2021,2.0,LAKE ARROWHEAD,1.934
2021,2.0,LAKE ATHENS,2.92
2021,2.0,LAKE AUSTIN,-1.554
2021,2.0,LAKE BALLINGER / LAKE MOONEN,-1.728
2021,2.0,LAKE BALMORHEA,-3.254
2021,2.0,LAKE BASTROP,-2.176
2021,2.0,LAKE BOB SANDLIN,3.128
2021,2.0,LAKE BONHAM,1.602
2021,2.0,LAKE BRIDGEPORT,-1.116
2021,2.0,LAKE BROWNWOOD,-0.8
2021,2.0,LAKE BUCHANAN,-1.556
2021,2.0,LAKE CHEROKEE,1.846
2021,2.0,LAKE CISCO,-1.008
2021,2.0,LAKE CLYDE,1.768
2021,2.0,LAKE COLEMAN,-0.842
2021,2.0,LAKE COLORADO CITY,-1.378
2021,2.0,LAKE CONROE,1.532
2021,2.0,LAKE CORPUS CHRISTI RESERVOIR,-1.164
2021,2.0,LAKE CREEK LAKE,2.794
2021,2.0,LAKE CROOK,3.596
2021,2.0,LAKE CYPRESS SPRINGS,3.148
2021,2.0,LAKE DANIEL,1.16
2021,2.0,LAKE DAVIS,-1.946
2021,2.0,LAKE DIVERSION,1.834
2021,2.0,LAKE DUNLAP,-3.07
2021,2.0,LAKE ELECTRA,1.176
2021,2.0,LAKE FORK RESERVOIR,3.294
2021,2.0,LAKE FORT PHANTOM HILL,1.048
2021,2.0,LAKE GEORGETOWN,-1.512
2021,2.0,LAKE GILMER,1.878
2021,2.0,LAKE GLADEWATER,2.776
2021,2.0,LAKE GONZALES (H-4),-2.64
2021,2.0,LAKE GRAHAM,1.088
2021,2.0,LAKE GRANBURY,-0.48399997
2021,2.0,LAKE HALBERT,1.722
2021,2.0,LAKE HOUSTON,1.252
2021,2.0,LAKE J B THOMAS,-1.574
2021,2.0,LAKE JACKSONVILLE,1.302
2021,2.0,LAKE KEMP,2.468
2021,2.0,LAKE KICKAPOO,1.318
2021,2.0,LAKE KIRBY,-1.084
2021,2.0,LAKE KURTH,-1.7639999
2021,2.0,LAKE LEON,-0.686
2021,2.0,LAKE LIMESTONE,2.752
2021,2.0,LAKE LIVINGSTON,0.216
2021,2.0,LAKE LYNDON B JOHNSON,-1.262
2021,2.0,LAKE MARBLE FALLS,-2.214
2021,2.0,LAKE MCQUEENEY,-2.612
2021,2.0,LAKE MEREDITH,-2.304
2021,2.0,LAKE MEXIA,1.39
2021,2.0,LAKE MINERAL WELLS,1.388
2021,2.0,LAKE MURVAUL,1.246
2021,2.0,LAKE NACOGDOCHES,-1.362
2021,2.0,LAKE NASWORTHY,-1.808
2021,2.0,LAKE O' THE PINES,4.45
2021,2.0,LAKE OLNEY / LAKE COOPER,0.68
2021,2.0,LAKE PALESTINE,4.046
2021,2.0,LAKE PALO PINTO,-0.87
2021,2.0,LAKE PAT CLEBURNE,-0.073999986
2021,2.0,LAKE PAULINE,-1.42
2021,2.0,LAKE RAY HUBBARD,2.038
2021,2.0,LAKE RAY ROBERTS,0.776
2021,2.0,LAKE STAMFORD,1.826
2021,2.0,LAKE STRIKER,0.746
2021,2.0,LAKE SULPHUR SPRINGS,-1.312
2021,2.0,LAKE SWEETWATER,-1.646
2021,2.0,LAKE TAWAKONI,2.0939999
2021,2.0,LAKE TEXANA,1.04
2021,2.0,LAKE TEXOMA,0.178
2021,2.0,LAKE TRAVIS,-1.634
2021,2.0,LAKE TYLER,2.036
2021,2.0,LAKE WACO,2.246
2021,2.0,LAKE WALTER E LONG,-1.4580001
2021,2.0,LAKE WAXAHACHIE,-1.472
2021,2.0,LAKE WEATHERFORD,-0.652
2021,2.0,LAKE WHITNEY,-1.334
2021,2.0,LAKE WICHITA,1.8659999
2021,2.0,LAKE WINTERS/NEW LAKE WINTERS,-1.174
2021,2.0,LAKE WORTH,-1.502
2021,2.0,LAVON LAKE,3.27
2021,2.0,LEWIS CREEK RESERVOIR,-1.632
2021,2.0,LEWISVILLE LAKE,3.262
2021,2.0,LOMA ALTA LAKE,-1.892
2021,2.0,LOST CREEK RESERVOIR,1.264
2021,2.0,MACKENZIE RESERVOIR,-2.778
2021,2.0,MARTIN LAKE,2.022
2021,2.0,MEDINA LAKE,-2.502
2021,2.0,MILLERS CREEK RESERVOIR,-0.80799997
2021,2.0,MITCHELL COUNTY RESERVOIR,-0.93
2021,2.0,MONTICELLO RESERVOIR,2.966
2021,2.0,MOUNTAIN CREEK LAKE,2.146
2021,2.0,MUD LAKE NO. 4,-0.906
2021,2.0,MUSTANG LAKE EAST/MUSTANG LAKE WEST,2.204
2021,2.0,NAVARRO MILLS LAKE,1.394
2021,2.0,NEW TERRELL CITY LAKE,-0.828
2021,2.0,NORTH FORK BUFFALO CREEK RESERVOIR,1.588
2021,2.0,NORTH LAKE,-0.25599998
2021,2.0,O C FISHER LAKE,-0.89599997
2021,2.0,O H IVIE RESERVOIR,-1.7919999
2021,2.0,OAK CREEK RESERVOIR,0.966
2021,2.0,PALO DURO RESERVOIR,-1.662
2021,2.0,PAT MAYSE LAKE,2.668
2021,2.0,PEACOCK SITE 1A TAILINGS RESERVOIR,3.126
2021,2.0,PINKSTON RESERVOIR,0.82199997
2021,2.0,POSSUM KINGDOM LAKE,2.142
2021,2.0,PROCTOR LAKE,0.744
2021,2.0,RANDELL LAKE,-1.556
2021,2.0,RED BLUFF RESERVOIR,-3.516
2021,2.0,RED DRAW RESERVOIR,-1.998
2021,2.0,RICHLAND-CHAMBERS RESERVOIR,2.952
2021,2.0,RIVER CREST LAKE,2.558
2021,2.0,SAM RAYBURN RESERVOIR,1.93
2021,2.0,SANTA ROSA LAKE,1.762
2021,2.0,SHELDON RESERVOIR,0.722
2021,2.0,SMITHERS LAKE,1.624
2021,2.0,SOMERVILLE LAKE,-0.956
2021,2.0,SOUTH TEXAS PROJECT RESERVOIR,-1.468
2021,2.0,SQUAW CREEK RESERVOIR,0.698
2021,2.0,STILLHOUSE HOLLOW LAKE,-0.916
2021,2.0,SULPHUR SPRINGS DRAW STORAGE RESERVOIR,-2.362
2021,2.0,TOLEDO BEND RESERVOIR,5.324
2021,2.0,TRADINGHOUSE CREEK RESERVOIR,3.752
2021,2.0,TRINIDAD LAKE,2.996
2021,2.0,TWIN BUTTES RESERVOIR,-1.516
2021,2.0,TWIN OAK RESERVOIR,1.56
2021,2.0,UPPER NUECES LAKE,-1.594
2021,2.0,VALLEY ACRES RESERVOIR,1.516
2021,2.0,VALLEY LAKE,0.866
2021,2.0,VICTOR BRAUNIG LAKE,-1.88
2021,2.0,WALLISVILLE LAKE,-1.6620001
2021,2.0,WELSH RESERVOIR,3.26
2021,2.0,WHITE RIVER LAKE,-1.992
2021,2.0,WHITE ROCK LAKE,1.378
2021,2.0,WILLIAM HARRIS RESERVOIR,0.0019999996
2021,2.0,WRIGHT PATMAN LAKE,5.98
2021,2.0,TAILING PONDS NO. 2,-1.656
2021,2.0,TAILING PONDS,-1.284
2021,2.0,COFFEE MILL LAKE,2.13
2021,2.0,LAKE HAWKINS,1.354
2021,2.0,LAKE HOLBROOK,2.16
2021,2.0,LAKE QUITMAN,3.006
2021,2.0,LAKE WINNSBORO,2.692
2021,2.0,LAKE KIOWA,1.984
2021,2.0,BARNEY M DAVIS RESERVOIR,-1.11
2021,2.0,BIVINS LAKE,-2.84
2021,2.0,TRUSCOTT BRINE LAKE,-1.446
2021,2.0,LAKE RITA BLANCA,-2.01
2021,2.0,SAN ESTEBAN LAKE,-3.7
2021,2.0,CAMP CREEK LAKE,-0.724
2021,2.0,NATURAL DAM LAKE,-2.364
2021,2.0,J.D. MURPHREE WILDLIFE IMPOUNDMENT,-1.062
2021,2.0,ADDICKS RESERVOIR,-0.072
2021,2.0,BARKER RESERVOIR,1.128
2021,2.0,BUFFALO LAKE,-2.812
2021,2.0,LAKE NACONICHE,-0.748
2021,2.0,LOWER RUNNING WATER DRAW WS SCS SITE 2,-3.11
2021,2.0,LOWER RUNNING WATER DRAW WS SCS SITE 3,-2.602
2021,2.0,ALDERS RESERVOIR,-0.812
2021,3.0,ALAN HENRY RESERVOIR,-2.337143
2021,3.0,ALCOA LAKE,-1.1428572
2021,3.0,ANZALDUAS CHANNEL DAM,1.7328571
2021,3.0,AQUILLA LAKE,-1.8357143
2021,3.0,B A STEINHAGEN LAKE,1.0728571
2021,3.0,BARDWELL LAKE,0.7785714
2021,3.0,BAYLOR LAKE,-0.91
2021,3.0,BELTON LAKE,-1.0271429
2021,3.0,BENBROOK LAKE,-2.0328572
2021,3.0,BRADY CREEK RESERVOIR,-2.117143
2021,3.0,BRANDY BRANCH COOLING POND,2.4085715
2021,3.0,BRAZORIA RESERVOIR,-1.7557143
2021,3.0,BRYAN UTILITIES LAKE,-2.0585713
2021,3.0,CADDO LAKE,3.0157142
2021,3.0,CALAVERAS LAKE,-2.3657143
2021,3.0,CANYON LAKE,-1.7828572
2021,3.0,CASA BLANCA LAKE,-1.7571428
2021,3.0,CEDAR BAYOU GENERATING POND,-0.7985714
2021,3.0,CEDAR CREEK RESERVOIR COLORADO,-2.9414287
2021,3.0,CEDAR CREEK RESERVOIR TRINITY,3.5457144
2021,3.0,CHAMPION CREEK RESERVOIR,-1.3528571
2021,3.0,CHOKE CANYON RESERVOIR,-0.5857143
2021,3.0,COLETO CREEK RESERVOIR,-2.7685714
2021,3.0,COX LAKE / RAW WATER LAKE / RECYCLE LAKE,-1.4571428
2021,3.0,DELTA LAKE,-1.7771429
2021,3.0,E V SPENCE RESERVOIR,0.99142855
2021,3.0,EAGLE LAKE,-1.5414286
2021,3.0,EAGLE MOUNTAIN LAKE,-1.6514286
2021,3.0,EAGLE NEST LAKE / MANOR LAKE,1.3642857
2021,3.0,ELLISON CREEK RESERVOIR,3.6857142
2021,3.0,FAIRFIELD LAKE,2.6928573
2021,3.0,FARMER'S CREEK RESERVOIR,-1.82
2021,3.0,FOREST GROVE RESERVOIR,3.0214286
2021,3.0,GIBBONS CREEK RESERVOIR,-2.4971428
2021,3.0,GRANGER LAKE,-1.4871428
2021,3.0,GRAPEVINE LAKE,1.9485714
2021,3.0,GREENBELT LAKE,-1.43
2021,3.0,GULF COAST WATER AUTHORITY RESERVOIR,-0.8957143
2021,3.0,HORDS CREEK LAKE,-1.8657143
2021,3.0,HOUSTON COUNTY LAKE,-1.4242858
2021,3.0,HUBBARD CREEK RESERVOIR,1.3185714
2021,3.0,HUBERT H MOSS LAKE,1.1814286
2021,3.0,IMPERIAL RESERVOIR,-2.7128572
2021,3.0,INKS LAKE,-1.2828572
2021,3.0,INTERNATIONAL AMISTAD RESERVOIR,-1.6285714
2021,3.0,INTERNATIONAL FALCON RESERVOIR,-1.9371428
2021,3.0,JIM CHAPMAN LAKE,1.2114285
2021,3.0,JOE POOL LAKE,-1.5985714
2021,3.0,JOHNSON CREEK RESERVOIR,4.054286
2021,3.0,LAKE ABILENE,-0.80142856
2021,3.0,LAKE AMON G CARTER,-1.9
2021,3.0,LAKE ANAHUAC,-0.28
2021,3.0,LAKE ARLINGTON,-1.8514286
2021,3.0,LAKE ARROWHEAD,1.4657143
2021,3.0,LAKE ATHENS,2.6557143
2021,3.0,LAKE AUSTIN,-1.4085715
2021,3.0,LAKE BALLINGER / LAKE MOONEN,-1.8914286
2021,3.0,LAKE BALMORHEA,-3.0642858
2021,3.0,LAKE BASTROP,-2.137143
2021,3.0,LAKE BOB SANDLIN,2.9157143
2021,3.0,LAKE BONHAM,1.22
2021,3.0,LAKE BRIDGEPORT,-1.26
2021,3.0,LAKE BROWNWOOD,-1.0328572
2021,3.0,LAKE BUCHANAN,-1.4857143
2021,3.0,LAKE CHEROKEE,1.68
2021,3.0,LAKE CISCO,-1.24
2021,3.0,LAKE CLYDE,1.36
2021,3.0,LAKE COLEMAN,-1.0371429
2021,3.0,LAKE COLORADO CITY,-1.5671428
2021,3.0,LAKE CONROE,1.1085714
2021,3.0,LAKE CORPUS CHRISTI RESERVOIR,-1.5057143
2021,3.0,LAKE CREEK LAKE,2.1914287
2021,3.0,LAKE CROOK,3.1914287
2021,3.0,LAKE CYPRESS SPRINGS,2.8485713
2021,3.0,LAKE DANIEL,0.8357143
2021,3.0,LAKE DAVIS,-2.1342857
2021,3.0,LAKE DIVERSION,1.3857143
2021,3.0,LAKE DUNLAP,-3.067143
2021,3.0,LAKE ELECTRA,0.7042857
2021,3.0,LAKE FORK RESERVOIR,2.9742858
2021,3.0,LAKE FORT PHANTOM HILL,0.7871429
2021,3.0,LAKE GEORGETOWN,-1.4428571
2021,3.0,LAKE GILMER,1.8028572
2021,3.0,LAKE GLADEWATER,2.73
2021,3.0,LAKE GONZALES (H-4),-2.607143
2021,3.0,LAKE GRAHAM,0.83428574
2021,3.0,LAKE GRANBURY,-1.1557143
2021,3.0,LAKE HALBERT,1.1514286
2021,3.0,LAKE HOUSTON,0.69285715
2021,3.0,LAKE J B THOMAS,-1.7714286
2021,3.0,LAKE JACKSONVILLE,1.0428572
2021,3.0,LAKE KEMP,1.9757143
2021,3.0,LAKE KICKAPOO,0.8842857
2021,3.0,LAKE KIRBY,-1.1357143
2021,3.0,LAKE KURTH,-1.7828572
2021,3.0,LAKE LEON,-0.8814286
2021,3.0,LAKE LIMESTONE,2.3614285
2021,3.0,LAKE LIVINGSTON,-0.98
2021,3.0,LAKE LYNDON B JOHNSON,-1.18
2021,3.0,LAKE MARBLE FALLS,-2.152857
2021,3.0,LAKE MCQUEENEY,-2.58
2021,3.0,LAKE MEREDITH,-2.12
2021,3.0,LAKE MEXIA,0.9985714
2021,3.0,LAKE MINERAL WELLS,0.96
2021,3.0,LAKE MURVAUL,0.9885714
2021,3.0,LAKE NACOGDOCHES,-1.4571428
2021,3.0,LAKE NASWORTHY,-1.9399999
2021,3.0,LAKE O' THE PINES,4.4385715
2021,3.0,LAKE OLNEY / LAKE COOPER,-0.5971429
2021,3.0,LAKE PALESTINE,3.7357142
2021,3.0,LAKE PALO PINTO,-1.1071428
2021,3.0,LAKE PAT CLEBURNE,-1.3385714
2021,3.0,LAKE PAULINE,-1.5942857
2021,3.0,LAKE RAY HUBBARD,1.7528571
2021,3.0,LAKE RAY ROBERTS,-1.7971429
2021,3.0,LAKE STAMFORD,1.3614286
2021,3.0,LAKE STRIKER,-0.084285714
2021,3.0,LAKE SULPHUR SPRINGS,-1.3185714
2021,3.0,LAKE SWEETWATER,-1.7871429
2021,3.0,LAKE TAWAKONI,1.87
2021,3.0,LAKE TEXANA,0.39571428
2021,3.0,LAKE TEXOMA,-1.7985715
2021,3.0,LAKE TRAVIS,-1.5414286
2021,3.0,LAKE TYLER,1.8057142
2021,3.0,LAKE WACO,1.5971428
2021,3.0,LAKE WALTER E LONG,-1.4971428
2021,3.0,LAKE WAXAHACHIE,-1.5485715
2021,3.0,LAKE WEATHERFORD,-1.5514286
2021,3.0,LAKE WHITNEY,-1.6342857
2021,3.0,LAKE WICHITA,1.4128572
2021,3.0,LAKE WINTERS/NEW LAKE WINTERS,-1.2928572
2021,3.0,LAKE WORTH,-1.5557142
2021,3.0,LAVON LAKE,2.9757142
2021,3.0,LEWIS CREEK RESERVOIR,-1.8185714
2021,3.0,LEWISVILLE LAKE,2.8485715
2021,3.0,LOMA ALTA LAKE,-2.1257143
2021,3.0,LOST CREEK RESERVOIR,1.2014285
2021,3.0,MACKENZIE RESERVOIR,-2.5685716
2021,3.0,MARTIN LAKE,1.9428571
2021,3.0,MEDINA LAKE,-2.5985715
2021,3.0,MILLERS CREEK RESERVOIR,-1.1271429
2021,3.0,MITCHELL COUNTY RESERVOIR,-1.1485714
2021,3.0,MONTICELLO RESERVOIR,2.75
2021,3.0,MOUNTAIN CREEK LAKE,1.6871428
2021,3.0,MUD LAKE NO. 4,-1.1471429
2021,3.0,MUSTANG LAKE EAST/MUSTANG LAKE WEST,1.5928571
2021,3.0,NAVARRO MILLS LAKE,0.48857144
2021,3.0,NEW TERRELL CITY LAKE,-0.93142855
2021,3.0,NORTH FORK BUFFALO CREEK RESERVOIR,1.2657143
2021,3.0,NORTH LAKE,-1.6985714
2021,3.0,O C FISHER LAKE,-1.0357143
2021,3.0,O H IVIE RESERVOIR,-1.9071429
2021,3.0,OAK CREEK RESERVOIR,0.68142855
2021,3.0,PALO DURO RESERVOIR,-1.53
2021,3.0,PAT MAYSE LAKE,2.3185713
2021,3.0,PEACOCK SITE 1A TAILINGS RESERVOIR,3.2442858
2021,3.0,PINKSTON RESERVOIR,0.34714285
2021,3.0,POSSUM KINGDOM LAKE,1.7185714
2021,3.0,PROCTOR LAKE,-0.60142857
2021,3.0,RANDELL LAKE,-1.7828572
2021,3.0,RED BLUFF RESERVOIR,-3.3657143
2021,3.0,RED DRAW RESERVOIR,-2.02
2021,3.0,RICHLAND-CHAMBERS RESERVOIR,2.4214287
2021,3.0,RIVER CREST LAKE,2.4485714
2021,3.0,SAM RAYBURN RESERVOIR,1.7528571
2021,3.0,SANTA ROSA LAKE,1.3114285
2021,3.0,SHELDON RESERVOIR,0.14714286
2021,3.0,SMITHERS LAKE,1.2542857
2021,3.0,SOMERVILLE LAKE,-1.0600001
2021,3.0,SOUTH TEXAS PROJECT RESERVOIR,-1.8857143
2021,3.0,SQUAW CREEK RESERVOIR,-0.87714285
2021,3.0,STILLHOUSE HOLLOW LAKE,-1.1871428
2021,3.0,SULPHUR SPRINGS DRAW STORAGE RESERVOIR,-2.3185713
2021,3.0,TOLEDO BEND RESERVOIR,4.847143
2021,3.0,TRADINGHOUSE CREEK RESERVOIR,3.1342857
2021,3.0,TRINIDAD LAKE,2.4714286
2021,3.0,TWIN BUTTES RESERVOIR,-1.6885715
2021,3.0,TWIN OAK RESERVOIR,1.3528571
2021,3.0,UPPER NUECES LAKE,-1.16
2021,3.0,VALLEY ACRES RESERVOIR,1.0142857
2021,3.0,VALLEY LAKE,-0.88714284
2021,3.0,VICTOR BRAUNIG LAKE,-1.88
2021,3.0,WALLISVILLE LAKE,-1.9571428
2021,3.0,WELSH RESERVOIR,3.2085714
2021,3.0,WHITE RIVER LAKE,-2.0214286
2021,3.0,WHITE ROCK LAKE,0.99285716
2021,3.0,WILLIAM HARRIS RESERVOIR,-0.76857144
2021,3.0,WRIGHT PATMAN LAKE,5.9414287
2021,3.0,TAILING PONDS NO. 2,-1.9185715
2021,3.0,TAILING PONDS,-1.5328572
2021,3.0,COFFEE MILL LAKE,1.7557143
2021,3.0,LAKE HAWKINS,1.3528571
2021,3.0,LAKE HOLBROOK,1.89
2021,3.0,LAKE QUITMAN,2.7
2021,3.0,LAKE WINNSBORO,2.4728572
2021,3.0,LAKE KIOWA,1.47
2021,3.0,BARNEY M DAVIS RESERVOIR,-1.4285715
2021,3.0,BIVINS LAKE,-2.4485714
2021,3.0,TRUSCOTT BRINE LAKE,-1.7314286
2021,3.0,LAKE RITA BLANCA,-1.72
2021,3.0,SAN ESTEBAN LAKE,-3.5228572
2021,3.0,CAMP CREEK LAKE,-0.8742857
2021,3.0,NATURAL DAM LAKE,-2.3914287
2021,3.0,J.D. MURPHREE WILDLIFE IMPOUNDMENT,-1.1057143
2021,3.0,ADDICKS RESERVOIR,-0.49142855
2021,3.0,BARKER RESERVOIR,0.6514286
2021,3.0,BUFFALO LAKE,-2.5314286
2021,3.0,LAKE NACONICHE,-1.0385715
2021,3.0,LOWER RUNNING WATER DRAW WS SCS SITE 2,-3.0314286
2021,3.0,LOWER RUNNING WATER DRAW WS SCS SITE 3,-2.5328572
2021,3.0,ALDERS RESERVOIR,-1.1228571
2021,4.0,ALAN HENRY RESERVOIR,-2.5083332
2021,4.0,ALCOA LAKE,-1.2233334
2021,4.0,ANZALDUAS CHANNEL DAM,1.3383334
2021,4.0,AQUILLA LAKE,-2.2616668
2021,4.0,B A STEINHAGEN LAKE,-0.22333334
2021,4.0,BARDWELL LAKE,-1.105
2021,4.0,BAYLOR LAKE,-0.82166666
2021,4.0,BELTON LAKE,-1.5166667
2021,4.0,BENBROOK LAKE,-2.0349998
2021,4.0,BRADY CREEK RESERVOIR,-2.0483334
2021,4.0,BRANDY BRANCH COOLING POND,2.1383333
2021,4.0,BRAZORIA RESERVOIR,-2.1766667
2021,4.0,BRYAN UTILITIES LAKE,-2.3033333
2021,4.0,CADDO LAKE,2.9033334
2021,4.0,CALAVERAS LAKE,-2.4983332
2021,4.0,CANYON LAKE,-2.19
2021,4.0,CASA BLANCA LAKE,-2.0583334
2021,4.0,CEDAR BAYOU GENERATING POND,-1.2983334
2021,4.0,CEDAR CREEK RESERVOIR COLORADO,-3.23
2021,4.0,CEDAR CREEK RESERVOIR TRINITY,2.9883332
2021,4.0,CHAMPION CREEK RESERVOIR,-1.5133333
2021,4.0,CHOKE CANYON RESERVOIR,-1.1083333
2021,4.0,COLETO CREEK RESERVOIR,-3.0683334
2021,4.0,COX LAKE / RAW WATER LAKE / RECYCLE LAKE,-1.8383334
2021,4.0,DELTA LAKE,-1.965
2021,4.0,E V SPENCE RESERVOIR,0.68333334
2021,4.0,EAGLE LAKE,-1.9133333
2021,4.0,EAGLE MOUNTAIN LAKE,-1.7483333
2021,4.0,EAGLE NEST LAKE / MANOR LAKE,0.78166664
2021,4.0,ELLISON CREEK RESERVOIR,3.4833333
2021,4.0,FAIRFIELD LAKE,2.245
2021,4.0,FARMER'S CREEK RESERVOIR,-2.0616665
2021,4.0,FOREST GROVE RESERVOIR,2.5283334
2021,4.0,GIBBONS CREEK RESERVOIR,-2.6483333
2021,4.0,GRANGER LAKE,-1.8366667
2021,4.0,GRAPEVINE LAKE,1.6666666
2021,4.0,GREENBELT LAKE,-0.745
2021,4.0,GULF COAST WATER AUTHORITY RESERVOIR,-1.2816666
2021,4.0,HORDS CREEK LAKE,-1.9416667
2021,4.0,HOUSTON COUNTY LAKE,-1.8083334
2021,4.0,HUBBARD CREEK RESERVOIR,1.2233334
2021,4.0,HUBERT H MOSS LAKE,-1.275
2021,4.0,IMPERIAL RESERVOIR,-2.8383334
2021,4.0,INKS LAKE,-1.5466666
2021,4.0,INTERNATIONAL AMISTAD RESERVOIR,-1.9233333
2021,4.0,INTERNATIONAL FALCON RESERVOIR,-2.175
2021,4.0,JIM CHAPMAN LAKE,1.1666667
2021,4.0,JOE POOL LAKE,-1.7266667
2021,4.0,JOHNSON CREEK RESERVOIR,4.025
2021,4.0,LAKE ABILENE,-0.975
2021,4.0,LAKE AMON G CARTER,-2.2649999
2021,4.0,LAKE ANAHUAC,-1.0283333
2021,4.0,LAKE ARLINGTON,-1.8983333
2021,4.0,LAKE ARROWHEAD,1.0566666
2021,4.0,LAKE ATHENS,2.1716666
2021,4.0,LAKE AUSTIN,-1.77
2021,4.0,LAKE BALLINGER / LAKE MOONEN,-2.0216665
2021,4.0,LAKE BALMORHEA,-3.1133332
2021,4.0,LAKE BASTROP,-2.4366667
2021,4.0,LAKE BOB SANDLIN,2.7033334
2021,4.0,LAKE BONHAM,0.81166667
2021,4.0,LAKE BRIDGEPORT,-1.3633333
2021,4.0,LAKE BROWNWOOD,-1.1016667
2021,4.0,LAKE BUCHANAN,-1.5633334
2021,4.0,LAKE CHEROKEE,1.39
2021,4.0,LAKE CISCO,-1.1616666
2021,4.0,LAKE CLYDE,1.0533333
2021,4.0,LAKE COLEMAN,-1.1616666
2021,4.0,LAKE COLORADO CITY,-1.6883333
2021,4.0,LAKE CONROE,-0.51666665
2021,4.0,LAKE CORPUS CHRISTI RESERVOIR,-1.96
2021,4.0,LAKE CREEK LAKE,1.315
2021,4.0,LAKE CROOK,2.9116666
2021,4.0,LAKE CYPRESS SPRINGS,2.6683335
2021,4.0,LAKE DANIEL,0.16166666
2021,4.0,LAKE DAVIS,-2.2749999
2021,4.0,LAKE DIVERSION,0.9033333
2021,4.0,LAKE DUNLAP,-3.4083333
2021,4.0,LAKE ELECTRA,-0.7083333
2021,4.0,LAKE FORK RESERVOIR,2.8416667
2021,4.0,LAKE FORT PHANTOM HILL,0.04166667
2021,4.0,LAKE GEORGETOWN,-1.7916666
2021,4.0,LAKE GILMER,1.6016667
2021,4.0,LAKE GLADEWATER,2.6683333
2021,4.0,LAKE GONZALES (H-4),-2.9666667
2021,4.0,LAKE GRAHAM,0.57
2021,4.0,LAKE GRANBURY,-1.12
2021,4.0,LAKE HALBERT,-0.705
2021,4.0,LAKE HOUSTON,-1.0566666
2021,4.0,LAKE J B THOMAS,-1.955
2021,4.0,LAKE JACKSONVILLE,1.075
2021,4.0,LAKE KEMP,1.4333333
2021,4.0,LAKE KICKAPOO,-0.16
2021,4.0,LAKE KIRBY,-1.2266667
2021,4.0,LAKE KURTH,-1.9233334
2021,4.0,LAKE LEON,-0.87833333
2021,4.0,LAKE LIMESTONE,1.6616666
2021,4.0,LAKE LIVINGSTON,-1.365
2021,4.0,LAKE LYNDON B JOHNSON,-1.4916667
2021,4.0,LAKE MARBLE FALLS,-2.4383333
2021,4.0,LAKE MCQUEENEY,-2.91
2021,4.0,LAKE MEREDITH,-1.6583333
2021,4.0,LAKE MEXIA,-1.425
2021,4.0,LAKE MINERAL WELLS,-0.80333334
2021,4.0,LAKE MURVAUL,0.9083333
2021,4.0,LAKE NACOGDOCHES,-1.715
2021,4.0,LAKE NASWORTHY,-2.245
2021,4.0,LAKE O' THE PINES,4.4266667
2021,4.0,LAKE OLNEY / LAKE COOPER,-1.0600001
2021,4.0,LAKE PALESTINE,3.1683333
2021,4.0,LAKE PALO PINTO,-1.1516666
2021,4.0,LAKE PAT CLEBURNE,-1.3333334
2021,4.0,LAKE PAULINE,-1.7833333
2021,4.0,LAKE RAY HUBBARD,1.46
2021,4.0,LAKE RAY ROBERTS,-1.905
2021,4.0,LAKE STAMFORD,1.275
2021,4.0,LAKE STRIKER,-0.46833333
2021,4.0,LAKE SULPHUR SPRINGS,-1.3083334
2021,4.0,LAKE SWEETWATER,-1.86
2021,4.0,LAKE TAWAKONI,1.6
2021,4.0,LAKE TEXANA,-0.81
2021,4.0,LAKE TEXOMA,-2.1683333
2021,4.0,LAKE TRAVIS,-1.985
2021,4.0,LAKE TYLER,1.7366667
2021,4.0,LAKE WACO,0.7883333
2021,4.0,LAKE WALTER E LONG,-1.8366667
2021,4.0,LAKE WAXAHACHIE,-1.42
2021,4.0,LAKE WEATHERFORD,-1.78
2021,4.0,LAKE WHITNEY,-1.815
2021,4.0,LAKE WICHITA,0.9483333
2021,4.0,LAKE WINTERS/NEW LAKE WINTERS,-1.4516667
2021,4.0,LAKE WORTH,-1.4566667
2021,4.0,LAVON LAKE,2.7383332
2021,4.0,LEWIS CREEK RESERVOIR,-2.2616668
2021,4.0,LEWISVILLE LAKE,2.5116668
2021,4.0,LOMA ALTA LAKE,-2.1416667
2021,4.0,LOST CREEK RESERVOIR,0.90666664
2021,4.0,MACKENZIE RESERVOIR,-2.3716667
2021,4.0,MARTIN LAKE,2.015
2021,4.0,MEDINA LAKE,-2.9516666
2021,4.0,MILLERS CREEK RESERVOIR,-1.3816667
2021,4.0,MITCHELL COUNTY RESERVOIR,-1.3583333
2021,4.0,MONTICELLO RESERVOIR,2.5516667
2021,4.0,MOUNTAIN CREEK LAKE,1.4683334
2021,4.0,MUD LAKE NO. 4,-1.5433333
2021,4.0,MUSTANG LAKE EAST/MUSTANG LAKE WEST,0.90166664
2021,4.0,NAVARRO MILLS LAKE,-1.735
2021,4.0,NEW TERRELL CITY LAKE,-1.0683334
2021,4.0,NORTH FORK BUFFALO CREEK RESERVOIR,0.87166667
2021,4.0,NORTH LAKE,-1.7966666
2021,4.0,O C FISHER LAKE,-1.3766667
2021,4.0,O H IVIE RESERVOIR,-1.88
2021,4.0,OAK CREEK RESERVOIR,-0.72499996
2021,4.0,PALO DURO RESERVOIR,-0.88
2021,4.0,PAT MAYSE LAKE,2.1583333
2021,4.0,PEACOCK SITE 1A TAILINGS RESERVOIR,3.0133333
2021,4.0,PINKSTON RESERVOIR,-1.13
2021,4.0,POSSUM KINGDOM LAKE,1.3716667
2021,4.0,PROCTOR LAKE,-0.82166666
2021,4.0,RANDELL LAKE,-2.07
2021,4.0,RED BLUFF RESERVOIR,-3.3566666
2021,4.0,RED DRAW RESERVOIR,-2.1033335
2021,4.0,RICHLAND-CHAMBERS RESERVOIR,1.655
2021,4.0,RIVER CREST LAKE,2.7733333
2021,4.0,SAM RAYBURN RESERVOIR,1.585
2021,4.0,SANTA ROSA LAKE,0.91833335
2021,4.0,SHELDON RESERVOIR,-0.75333333
2021,4.0,SMITHERS LAKE,0.71500003
2021,4.0,SOMERVILLE LAKE,-1.3833333
2021,4.0,SOUTH TEXAS PROJECT RESERVOIR,-2.3766668
2021,4.0,SQUAW CREEK RESERVOIR,-0.9816667
2021,4.0,STILLHOUSE HOLLOW LAKE,-1.765
2021,4.0,SULPHUR SPRINGS DRAW STORAGE RESERVOIR,-2.315
2021,4.0,TOLEDO BEND RESERVOIR,4.2733335
2021,4.0,TRADINGHOUSE CREEK RESERVOIR,2.22
2021,4.0,TRINIDAD LAKE,1.75
2021,4.0,TWIN BUTTES RESERVOIR,-1.9866667
2021,4.0,TWIN OAK RESERVOIR,0.85
2021,4.0,UPPER NUECES LAKE,-1.5433333
2021,4.0,VALLEY ACRES RESERVOIR,-0.13166668
2021,4.0,VALLEY LAKE,-1.6766667
2021,4.0,VICTOR BRAUNIG LAKE,-2.2383332
2021,4.0,WALLISVILLE LAKE,-2.3833334
2021,4.0,WELSH RESERVOIR,2.9716668
2021,4.0,WHITE RIVER LAKE,-2.05
2021,4.0,WHITE ROCK LAKE,0.6166667
2021,4.0,WILLIAM HARRIS RESERVOIR,-1.175
2021,4.0,WRIGHT PATMAN LAKE,5.6466665
2021,4.0,TAILING PONDS NO. 2,-2.3316667
2021,4.0,TAILING PONDS,-1.9449999
2021,4.0,COFFEE MILL LAKE,1.4266667
2021,4.0,LAKE HAWKINS,1.0916667
2021,4.0,LAKE HOLBROOK,1.5416666
2021,4.0,LAKE QUITMAN,2.415
2021,4.0,LAKE WINNSBORO,2.47
2021,4.0,LAKE KIOWA,1.0
2021,4.0,BARNEY M DAVIS RESERVOIR,-1.7983334
2021,4.0,BIVINS LAKE,-1.9183333
2021,4.0,TRUSCOTT BRINE LAKE,-2.0283332
2021,4.0,LAKE RITA BLANCA,-1.4
2021,4.0,SAN ESTEBAN LAKE,-3.475
2021,4.0,CAMP CREEK LAKE,-1.2633333
2021,4.0,NATURAL DAM LAKE,-2.4483333
2021,4.0,J.D. MURPHREE WILDLIFE IMPOUNDMENT,-1.3483334
2021,4.0,ADDICKS RESERVOIR,-1.1216667
2021,4.0,BARKER RESERVOIR,-0.88166666
2021,4.0,BUFFALO LAKE,-2.2316666
2021,4.0,LAKE NACONICHE,-1.085
2021,4.0,LOWER RUNNING WATER DRAW WS SCS SITE 2,-3.1066666
2021,4.0,LOWER RUNNING WATER DRAW WS SCS SITE 3,-2.62
2021,4.0,ALDERS RESERVOIR,-1.4783334
2021,5.0,ALAN HENRY RESERVOIR,-1.8199999
2021,5.0,ALCOA LAKE,-0.89166665
2021,5.0,ANZALDUAS CHANNEL DAM,1.755
2021,5.0,AQUILLA LAKE,-2.125
2021,5.0,B A STEINHAGEN LAKE,1.1616666
2021,5.0,BARDWELL LAKE,-0.39666668
2021,5.0,BAYLOR LAKE,-0.9916667
2021,5.0,BELTON LAKE,-1.2733333
2021,5.0,BENBROOK LAKE,-1.4216667
2021,5.0,BRADY CREEK RESERVOIR,-1.7283334
2021,5.0,BRANDY BRANCH COOLING POND,2.725
2021,5.0,BRAZORIA RESERVOIR,-1.6616666
2021,5.0,BRYAN UTILITIES LAKE,-1.8733333
2021,5.0,CADDO LAKE,3.455
2021,5.0,CALAVERAS LAKE,-1.25
2021,5.0,CANYON LAKE,-1.72
2021,5.0,CASA BLANCA LAKE,-1.9716666
2021,5.0,CEDAR BAYOU GENERATING POND,-1.1583333
2021,5.0,CEDAR CREEK RESERVOIR COLORADO,-2.6116667
2021,5.0,CEDAR CREEK RESERVOIR TRINITY,3.23
2021,5.0,CHAMPION CREEK RESERVOIR,-0.9183333
2021,5.0,CHOKE CANYON RESERVOIR,1.4901161E-8
2021,5.0,COLETO CREEK RESERVOIR,-2.135
2021,5.0,COX LAKE / RAW WATER LAKE / RECYCLE LAKE,-0.2916667
2021,5.0,DELTA LAKE,-0.41166666
2021,5.0,E V SPENCE RESERVOIR,0.8
2021,5.0,EAGLE LAKE,-1.415
2021,5.0,EAGLE MOUNTAIN LAKE,-1.1183333
2021,5.0,EAGLE NEST LAKE / MANOR LAKE,1.195
2021,5.0,ELLISON CREEK RESERVOIR,3.825
2021,5.0,FAIRFIELD LAKE,2.255
2021,5.0,FARMER'S CREEK RESERVOIR,-1.52
2021,5.0,FOREST GROVE RESERVOIR,2.5266666
2021,5.0,GIBBONS CREEK RESERVOIR,-1.93
2021,5.0,GRANGER LAKE,-1.5783334
2021,5.0,GRAPEVINE LAKE,1.7666667
2021,5.0,GREENBELT LAKE,-0.8883333
2021,5.0,GULF COAST WATER AUTHORITY RESERVOIR,-1.385
2021,5.0,HORDS CREEK LAKE,-1.56
2021,5.0,HOUSTON COUNTY LAKE,-0.825
2021,5.0,HUBBARD CREEK RESERVOIR,1.8766667
2021,5.0,HUBERT H MOSS LAKE,-1.9533334
2021,5.0,IMPERIAL RESERVOIR,-2.5633333
2021,5.0,INKS LAKE,-0.855
2021,5.0,INTERNATIONAL AMISTAD RESERVOIR,-2.0483332
2021,5.0,INTERNATIONAL FALCON RESERVOIR,-1.85
2021,5.0,JIM CHAPMAN LAKE,1.81
2021,5.0,JOE POOL LAKE,-1.1216667
2021,5.0,JOHNSON CREEK RESERVOIR,4.2833333
2021,5.0,LAKE ABILENE,-0.034999996
2021,5.0,LAKE AMON G CARTER,-1.7916666
2021,5.0,LAKE ANAHUAC,-1.0133333
2021,5.0,LAKE ARLINGTON,-1.3533334
2021,5.0,LAKE ARROWHEAD,1.37
2021,5.0,LAKE ATHENS,2.1333332
2021,5.0,LAKE AUSTIN,-1.3533334
2021,5.0,LAKE BALLINGER / LAKE MOONEN,-1.89
2021,5.0,LAKE BALMORHEA,-3.0333333
2021,5.0,LAKE BASTROP,-1.5583334
2021,5.0,LAKE BOB SANDLIN,3.125
2021,5.0,LAKE BONHAM,1.36
2021,5.0,LAKE BRIDGEPORT,-0.955
2021,5.0,LAKE BROWNWOOD,0.28833333
2021,5.0,LAKE BUCHANAN,-0.42
2021,5.0,LAKE CHEROKEE,1.7883333
2021,5.0,LAKE CISCO,0.056666676
2021,5.0,LAKE CLYDE,1.7433333
2021,5.0,LAKE COLEMAN,-0.33166668
2021,5.0,LAKE COLORADO CITY,-1.0666666
2021,5.0,LAKE CONROE,0.77
2021,5.0,LAKE CORPUS CHRISTI RESERVOIR,-1.3816667
2021,5.0,LAKE CREEK LAKE,1.11
2021,5.0,LAKE CROOK,3.1116667
2021,5.0,LAKE CYPRESS SPRINGS,3.005
2021,5.0,LAKE DANIEL,0.90999997
2021,5.0,LAKE DAVIS,-1.58
2021,5.0,LAKE DIVERSION,1.2633333
2021,5.0,LAKE DUNLAP,-2.6116667
2021,5.0,LAKE ELECTRA,0.33666667
2021,5.0,LAKE FORK RESERVOIR,3.3183334
2021,5.0,LAKE FORT PHANTOM HILL,0.865
2021,5.0,LAKE GEORGETOWN,-1.4866667
2021,5.0,LAKE GILMER,2.105
2021,5.0,LAKE GLADEWATER,3.585
2021,5.0,LAKE GONZALES (H-4),-2.1533332
2021,5.0,LAKE GRAHAM,0.9583334
2021,5.0,LAKE GRANBURY,0.7416667
2021,5.0,LAKE HALBERT,-1.2783333
2021,5.0,LAKE HOUSTON,-0.485
2021,5.0,LAKE J B THOMAS,-1.4300001
2021,5.0,LAKE JACKSONVILLE,1.7083334
2021,5.0,LAKE KEMP,1.71
2021,5.0,LAKE KICKAPOO,0.70666665
2021,5.0,LAKE KIRBY,0.37833333
2021,5.0,LAKE KURTH,1.005
2021,5.0,LAKE LEON,0.8983334
2021,5.0,LAKE LIMESTONE,1.71
2021,5.0,LAKE LIVINGSTON,0.5783333
2021,5.0,LAKE LYNDON B JOHNSON,-1.0433333
2021,5.0,LAKE MARBLE FALLS,-1.99
2021,5.0,LAKE MCQUEENEY,-1.9516666
2021,5.0,LAKE MEREDITH,-1.835
2021,5.0,LAKE MEXIA,-1.34
2021,5.0,LAKE MINERAL WELLS,-0.05166667
2021,5.0,LAKE MURVAUL,1.4666667
2021,5.0,LAKE NACOGDOCHES,0.9533333
2021,5.0,LAKE NASWORTHY,-2.12
2021,5.0,LAKE O' THE PINES,4.725
2021,5.0,LAKE OLNEY / LAKE COOPER,-0.375
2021,5.0,LAKE PALESTINE,3.2883334
2021,5.0,LAKE PALO PINTO,0.8
2021,5.0,LAKE PAT CLEBURNE,0.028333327
2021,5.0,LAKE PAULINE,-1.7283334
2021,5.0,LAKE RAY HUBBARD,1.5616667
2021,5.0,LAKE RAY ROBERTS,-1.33
2021,5.0,LAKE STAMFORD,1.8733333
2021,5.0,LAKE STRIKER,0.8183333
2021,5.0,LAKE SULPHUR SPRINGS,0.010000001
2021,5.0,LAKE SWEETWATER,-0.3183333
2021,5.0,LAKE TAWAKONI,1.9283334
2021,5.0,LAKE TEXANA,1.2833333
2021,5.0,LAKE TEXOMA,-1.9483333
2021,5.0,LAKE TRAVIS,-1.6833334
2021,5.0,LAKE TYLER,2.14
2021,5.0,LAKE WACO,0.68333334
2021,5.0,LAKE WALTER E LONG,-1.4366667
2021,5.0,LAKE WAXAHACHIE,-0.13000001
2021,5.0,LAKE WEATHERFORD,-1.1933334
2021,5.0,LAKE WHITNEY,-1.2416667
2021,5.0,LAKE WICHITA,1.3333334
2021,5.0,LAKE WINTERS/NEW LAKE WINTERS,-1.1233333
2021,5.0,LAKE WORTH,-0.42499998
2021,5.0,LAVON LAKE,2.805
2021,5.0,LEWIS CREEK RESERVOIR,-1.3466667
2021,5.0,LEWISVILLE LAKE,2.6066666
2021,5.0,LOMA ALTA LAKE,-1.4966667
2021,5.0,LOST CREEK RESERVOIR,1.1033334
2021,5.0,MACKENZIE RESERVOIR,-2.46
2021,5.0,MARTIN LAKE,2.6583333
2021,5.0,MEDINA LAKE,-2.2666667
2021,5.0,MILLERS CREEK RESERVOIR,-0.405
2021,5.0,MITCHELL COUNTY RESERVOIR,-0.20166665
2021,5.0,MONTICELLO RESERVOIR,3.0333333
2021,5.0,MOUNTAIN CREEK LAKE,1.74
2021,5.0,MUD LAKE NO. 4,-0.17999999
2021,5.0,MUSTANG LAKE EAST/MUSTANG LAKE WEST,0.7416667
2021,5.0,NAVARRO MILLS LAKE,-1.615
2021,5.0,NEW TERRELL CITY LAKE,-0.04166666
2021,5.0,NORTH FORK BUFFALO CREEK RESERVOIR,1.3283334
2021,5.0,NORTH LAKE,-1.47
2021,5.0,O C FISHER LAKE,-1.335
2021,5.0,O H IVIE RESERVOIR,-1.3383334
2021,5.0,OAK CREEK RESERVOIR,-0.025000006
2021,5.0,PALO DURO RESERVOIR,-0.9083333
2021,5.0,PAT MAYSE LAKE,2.455
2021,5.0,PEACOCK SITE 1A TAILINGS RESERVOIR,3.3083334
2021,5.0,PINKSTON RESERVOIR,1.0233333
2021,5.0,POSSUM KINGDOM LAKE,1.87
2021,5.0,PROCTOR LAKE,0.85333335
2021,5.0,RANDELL LAKE,-1.6133333
2021,5.0,RED BLUFF RESERVOIR,-2.7716665
2021,5.0,RED DRAW RESERVOIR,-1.2016667
2021,5.0,RICHLAND-CHAMBERS RESERVOIR,1.5133333
2021,5.0,RIVER CREST LAKE,3.605
2021,5.0,SAM RAYBURN RESERVOIR,3.0033333
2021,5.0,SANTA ROSA LAKE,1.5316666
2021,5.0,SHELDON RESERVOIR,-0.345
2021,5.0,SMITHERS LAKE,0.87
2021,5.0,SOMERVILLE LAKE,0.17166667
2021,5.0,SOUTH TEXAS PROJECT RESERVOIR,-1.5866667
2021,5.0,SQUAW CREEK RESERVOIR,0.67333335
2021,5.0,STILLHOUSE HOLLOW LAKE,-1.6583333
2021,5.0,SULPHUR SPRINGS DRAW STORAGE RESERVOIR,-1.6683333
2021,5.0,TOLEDO BEND RESERVOIR,5.285
2021,5.0,TRADINGHOUSE CREEK RESERVOIR,2.1016667
2021,5.0,TRINIDAD LAKE,1.6383333
2021,5.0,TWIN BUTTES RESERVOIR,-1.875
2021,5.0,TWIN OAK RESERVOIR,0.9583334
2021,5.0,UPPER NUECES LAKE,-0.9733333
2021,5.0,VALLEY ACRES RESERVOIR,-0.405
2021,5.0,VALLEY LAKE,-1.0333333
2021,5.0,VICTOR BRAUNIG LAKE,-1.3066666
2021,5.0,WALLISVILLE LAKE,-2.2150002
2021,5.0,WELSH RESERVOIR,3.17
2021,5.0,WHITE RIVER LAKE,-1.7883333
2021,5.0,WHITE ROCK LAKE,0.68666667
2021,5.0,WILLIAM HARRIS RESERVOIR,-0.47166666
2021,5.0,WRIGHT PATMAN LAKE,5.5783334
2021,5.0,TAILING PONDS NO. 2,-0.25000003
2021,5.0,TAILING PONDS,0.24333334
2021,5.0,COFFEE MILL LAKE,1.9566667
2021,5.0,LAKE HAWKINS,1.6066667
2021,5.0,LAKE HOLBROOK,1.8783333
2021,5.0,LAKE QUITMAN,2.7966666
2021,5.0,LAKE WINNSBORO,2.895
2021,5.0,LAKE KIOWA,1.1983333
2021,5.0,BARNEY M DAVIS RESERVOIR,0.20000002
2021,5.0,BIVINS LAKE,-1.97
2021,5.0,TRUSCOTT BRINE LAKE,-1.7316667
2021,5.0,LAKE RITA BLANCA,-1.6316667
2021,5.0,SAN ESTEBAN LAKE,-3.245
2021,5.0,CAMP CREEK LAKE,-0.80833334
2021,5.0,NATURAL DAM LAKE,-1.6366667
2021,5.0,J.D. MURPHREE WILDLIFE IMPOUNDMENT,-1.2283334
2021,5.0,ADDICKS RESERVOIR,-0.7966667
2021,5.0,BARKER RESERVOIR,-0.36333334
2021,5.0,BUFFALO LAKE,-2.29
2021,5.0,LAKE NACONICHE,0.42833334
2021,5.0,LOWER RUNNING WATER DRAW WS SCS SITE 2,-2.9616666
2021,5.0,LOWER RUNNING WATER DRAW WS SCS SITE 3,-2.5916667
2021,5.0,ALDERS RESERVOIR,-1.3266667
2021,6.0,ALAN HENRY RESERVOIR,1.0233333
2021,6.0,ALCOA LAKE,0.6716667
2021,6.0,ANZALDUAS CHANNEL DAM,3.8316667
2021,6.0,AQUILLA LAKE,-1.435
2021,6.0,B A STEINHAGEN LAKE,2.9283333
2021,6.0,BARDWELL LAKE,1.2683333
2021,6.0,BAYLOR LAKE,-0.78499997
2021,6.0,BELTON LAKE,-0.5333333
2021,6.0,BENBROOK LAKE,0.61833334
2021,6.0,BRADY CREEK RESERVOIR,-1.4016666
2021,6.0,BRANDY BRANCH COOLING POND,3.565
2021,6.0,BRAZORIA RESERVOIR,0.8283333
2021,6.0,BRYAN UTILITIES LAKE,-1.0566666
2021,6.0,CADDO LAKE,4.535
2021,6.0,CALAVERAS LAKE,1.9366666
2021,6.0,CANYON LAKE,-1.04
2021,6.0,CASA BLANCA LAKE,-1.5016667
2021,6.0,CEDAR BAYOU GENERATING POND,0.18666667
2021,6.0,CEDAR CREEK RESERVOIR COLORADO,0.67833334
2021,6.0,CEDAR CREEK RESERVOIR TRINITY,3.6983333
2021,6.0,CHAMPION CREEK RESERVOIR,1.3316667
2021,6.0,CHOKE CANYON RESERVOIR,2.7466667
2021,6.0,COLETO CREEK RESERVOIR,1.345
2021,6.0,COX LAKE / RAW WATER LAKE / RECYCLE LAKE,2.9833333
2021,6.0,DELTA LAKE,2.2916667
2021,6.0,E V SPENCE RESERVOIR,1.27
2021,6.0,EAGLE LAKE,0.62833333
2021,6.0,EAGLE MOUNTAIN LAKE,1.4933333
2021,6.0,EAGLE NEST LAKE / MANOR LAKE,2.4816666
2021,6.0,ELLISON CREEK RESERVOIR,5.02
2021,6.0,FAIRFIELD LAKE,2.9533334
2021,6.0,FARMER'S CREEK RESERVOIR,-0.96500003
2021,6.0,FOREST GROVE RESERVOIR,2.9516666
2021,6.0,GIBBONS CREEK RESERVOIR,-1.1666666
2021,6.0,GRANGER LAKE,-1.0833334
2021,6.0,GRAPEVINE LAKE,2.26
2021,6.0,GREENBELT LAKE,0.54833335
2021,6.0,GULF COAST WATER AUTHORITY RESERVOIR,0.74
2021,6.0,HORDS CREEK LAKE,-1.045
2021,6.0,HOUSTON COUNTY LAKE,1.8266667
2021,6.0,HUBBARD CREEK RESERVOIR,2.62
2021,6.0,HUBERT H MOSS LAKE,-1.3933333
2021,6.0,IMPERIAL RESERVOIR,-2.3166666
2021,6.0,INKS LAKE,1.65
2021,6.0,INTERNATIONAL AMISTAD RESERVOIR,-2.1033332
2021,6.0,INTERNATIONAL FALCON RESERVOIR,-0.5083333
2021,6.0,JIM CHAPMAN LAKE,2.7716668
2021,6.0,JOE POOL LAKE,1.3333333
2021,6.0,JOHNSON CREEK RESERVOIR,4.9783335
2021,6.0,LAKE ABILENE,1.38
2021,6.0,LAKE AMON G CARTER,-1.2383333
2021,6.0,LAKE ANAHUAC,0.44166666
2021,6.0,LAKE ARLINGTON,0.93
2021,6.0,LAKE ARROWHEAD,1.6766667
2021,6.0,LAKE ATHENS,2.6933334
2021,6.0,LAKE AUSTIN,0.255
2021,6.0,LAKE BALLINGER / LAKE MOONEN,-1.48
2021,6.0,LAKE BALMORHEA,-2.4016666
2021,6.0,LAKE BASTROP,0.445
2021,6.0,LAKE BOB SANDLIN,4.0950003
2021,6.0,LAKE BONHAM,2.085
2021,6.0,LAKE BRIDGEPORT,0.505
2021,6.0,LAKE BROWNWOOD,1.2783333
2021,6.0,LAKE BUCHANAN,1.7483333
2021,6.0,LAKE CHEROKEE,2.4933333
2021,6.0,LAKE CISCO,1.7383333
2021,6.0,LAKE CLYDE,3.1683333
2021,6.0,LAKE COLEMAN,1.0866667
2021,6.0,LAKE COLORADO CITY,0.58000004
2021,6.0,LAKE CONROE,1.7066667
2021,6.0,LAKE CORPUS CHRISTI RESERVOIR,2.4483333
2021,6.0,LAKE CREEK LAKE,1.5783334
2021,6.0,LAKE CROOK,3.635
2021,6.0,LAKE CYPRESS SPRINGS,3.8083334
2021,6.0,LAKE DANIEL,1.825
2021,6.0,LAKE DAVIS,0.32166666
2021,6.0,LAKE DIVERSION,1.57
2021,6.0,LAKE DUNLAP,-1.52
2021,6.0,LAKE ELECTRA,0.78833336
2021,6.0,LAKE FORK RESERVOIR,4.3533335
2021,6.0,LAKE FORT PHANTOM HILL,2.2
2021,6.0,LAKE GEORGETOWN,-0.17166667
2021,6.0,LAKE GILMER,3.3033333
2021,6.0,LAKE GLADEWATER,4.793333
2021,6.0,LAKE GONZALES (H-4),0.09333331
2021,6.0,LAKE GRAHAM,1.2666667
2021,6.0,LAKE GRANBURY,1.9233333
2021,6.0,LAKE HALBERT,-0.75166667
2021,6.0,LAKE HOUSTON,1.3133333
2021,6.0,LAKE J B THOMAS,1.9549999
2021,6.0,LAKE JACKSONVILLE,2.7816668
2021,6.0,LAKE KEMP,2.1200001
2021,6.0,LAKE KICKAPOO,1.3583333
2021,6.0,LAKE KIRBY,2.0083334
2021,6.0,LAKE KURTH,3.4466667
2021,6.0,LAKE LEON,1.9816667
2021,6.0,LAKE LIMESTONE,2.795
2021,6.0,LAKE LIVINGSTON,2.5933332
2021,6.0,LAKE LYNDON B JOHNSON,1.0583334
2021,6.0,LAKE MARBLE FALLS,-0.505
2021,6.0,LAKE MCQUEENEY,-0.98333335
2021,6.0,LAKE MEREDITH,-1.2916667
2021,6.0,LAKE MEXIA,0.7583333
2021,6.0,LAKE MINERAL WELLS,1.325
2021,6.0,LAKE MURVAUL,2.4333334
2021,6.0,LAKE NACOGDOCHES,3.7833333
2021,6.0,LAKE NASWORTHY,-1.95
2021,6.0,LAKE O' THE PINES,5.4
2021,6.0,LAKE OLNEY / LAKE COOPER,0.65666664
2021,6.0,LAKE PALESTINE,4.161667
2021,6.0,LAKE PALO PINTO,2.055
2021,6.0,LAKE PAT CLEBURNE,1.575
2021,6.0,LAKE PAULINE,-1.4333333
2021,6.0,LAKE RAY HUBBARD,1.97
2021,6.0,LAKE RAY ROBERTS,-0.435
2021,6.0,LAKE STAMFORD,2.555
2021,6.0,LAKE STRIKER,1.665
2021,6.0,LAKE SULPHUR SPRINGS,1.6766666
2021,6.0,LAKE SWEETWATER,2.1466665
2021,6.0,LAKE TAWAKONI,2.7066667
2021,6.0,LAKE TEXANA,3.4533334
2021,6.0,LAKE TEXOMA,-1.4383333
2021,6.0,LAKE TRAVIS,0.34000003
2021,6.0,LAKE TYLER,2.7683332
2021,6.0,LAKE WACO,1.3366666
2021,6.0,LAKE WALTER E LONG,0.26166663
2021,6.0,LAKE WAXAHACHIE,2.0933332
2021,6.0,LAKE WEATHERFORD,1.69
2021,6.0,LAKE WHITNEY,1.0233333
2021,6.0,LAKE WICHITA,1.4683334
2021,6.0,LAKE WINTERS/NEW LAKE WINTERS,-0.20333333
2021,6.0,LAKE WORTH,1.6016667
2021,6.0,LAVON LAKE,3.3983333
2021,6.0,LEWIS CREEK RESERVOIR,1.3133334
2021,6.0,LEWISVILLE LAKE,3.175
2021,6.0,LOMA ALTA LAKE,1.0983334
2021,6.0,LOST CREEK RESERVOIR,1.35
2021,6.0,MACKENZIE RESERVOIR,-2.0816667
2021,6.0,MARTIN LAKE,3.4633334
2021,6.0,MEDINA LAKE,-1.6616666
2021,6.0,MILLERS CREEK RESERVOIR,1.18
2021,6.0,MITCHELL COUNTY RESERVOIR,1.875
2021,6.0,MONTICELLO RESERVOIR,3.9183333
2021,6.0,MOUNTAIN CREEK LAKE,2.4716666
2021,6.0,MUD LAKE NO. 4,2.975
2021,6.0,MUSTANG LAKE EAST/MUSTANG LAKE WEST,1.4133333
2021,6.0,NAVARRO MILLS LAKE,-0.79499996
2021,6.0,NEW TERRELL CITY LAKE,1.2683333
2021,6.0,NORTH FORK BUFFALO CREEK RESERVOIR,1.6183333
2021,6.0,NORTH LAKE,0.145
2021,6.0,O C FISHER LAKE,-1.3416667
2021,6.0,O H IVIE RESERVOIR,0.44333333
2021,6.0,OAK CREEK RESERVOIR,1.1233333
2021,6.0,PALO DURO RESERVOIR,-0.73
2021,6.0,PAT MAYSE LAKE,3.0833335
2021,6.0,PEACOCK SITE 1A TAILINGS RESERVOIR,4.4683332
2021,6.0,PINKSTON RESERVOIR,2.6883333
2021,6.0,POSSUM KINGDOM LAKE,2.3783333
2021,6.0,PROCTOR LAKE,1.9283334
2021,6.0,RANDELL LAKE,-0.46499997
2021,6.0,RED BLUFF RESERVOIR,-1.815
2021,6.0,RED DRAW RESERVOIR,2.0883334
2021,6.0,RICHLAND-CHAMBERS RESERVOIR,1.775
2021,6.0,RIVER CREST LAKE,4.4066668
2021,6.0,SAM RAYBURN RESERVOIR,4.1066666
2021,6.0,SANTA ROSA LAKE,1.8933333
2021,6.0,SHELDON RESERVOIR,1.26
2021,6.0,SMITHERS LAKE,1.8
2021,6.0,SOMERVILLE LAKE,1.64
2021,6.0,SOUTH TEXAS PROJECT RESERVOIR,2.4183333
2021,6.0,SQUAW CREEK RESERVOIR,1.8633333
2021,6.0,STILLHOUSE HOLLOW LAKE,-0.9816667
2021,6.0,SULPHUR SPRINGS DRAW STORAGE RESERVOIR,-1.3716667
2021,6.0,TOLEDO BEND RESERVOIR,6.306667
2021,6.0,TRADINGHOUSE CREEK RESERVOIR,2.71
2021,6.0,TRINIDAD LAKE,1.9183333
2021,6.0,TWIN BUTTES RESERVOIR,-1.65
2021,6.0,TWIN OAK RESERVOIR,1.9016666
2021,6.0,UPPER NUECES LAKE,1.025
2021,6.0,VALLEY ACRES RESERVOIR,2.2416668
2021,6.0,VALLEY LAKE,1.145
2021,6.0,VICTOR BRAUNIG LAKE,0.795
2021,6.0,WALLISVILLE LAKE,-1.5250001
2021,6.0,WELSH RESERVOIR,4.305
2021,6.0,WHITE RIVER LAKE,-0.875
2021,6.0,WHITE ROCK LAKE,1.2366667
2021,6.0,WILLIAM HARRIS RESERVOIR,1.575
2021,6.0,WRIGHT PATMAN LAKE,6.738333
2021,6.0,TAILING PONDS NO. 2,2.7683332
2021,6.0,TAILING PONDS,2.705
2021,6.0,COFFEE MILL LAKE,2.815
2021,6.0,LAKE HAWKINS,2.9416666
2021,6.0,LAKE HOLBROOK,2.8000002
2021,6.0,LAKE QUITMAN,3.9183333
2021,6.0,LAKE WINNSBORO,4.0933332
2021,6.0,LAKE KIOWA,1.445
2021,6.0,BARNEY M DAVIS RESERVOIR,2.5916667
2021,6.0,BIVINS LAKE,-1.5266666
2021,6.0,TRUSCOTT BRINE LAKE,-0.90666664
2021,6.0,LAKE RITA BLANCA,-1.375
2021,6.0,SAN ESTEBAN LAKE,-2.9183333
2021,6.0,CAMP CREEK LAKE,1.39
2021,6.0,NATURAL DAM LAKE,-0.50333333
2021,6.0,J.D. MURPHREE WILDLIFE IMPOUNDMENT,1.845
2021,6.0,ADDICKS RESERVOIR,1.285
2021,6.0,BARKER RESERVOIR,1.3633333
2021,6.0,BUFFALO LAKE,-1.9883333
2021,6.0,LAKE NACONICHE,2.4883332
2021,6.0,LOWER RUNNING WATER DRAW WS SCS SITE 2,-1.9033333
2021,6.0,LOWER RUNNING WATER DRAW WS SCS SITE 3,-1.6716666
2021,6.0,ALDERS RESERVOIR,-0.63666666
2021,7.0,ALAN HENRY RESERVOIR,3.1066666
2021,7.0,ALCOA LAKE,1.5083333
2021,7.0,ANZALDUAS CHANNEL DAM,4.975
2021,7.0,AQUILLA LAKE,-0.18666665
2021,7.0,B A STEINHAGEN LAKE,3.03
2021,7.0,BARDWELL LAKE,1.8583333
2021,7.0,BAYLOR LAKE,0.2
2021,7.0,BELTON LAKE,1.1283333
2021,7.0,BENBROOK LAKE,1.0533333
2021,7.0,BRADY CREEK RESERVOIR,-1.235
2021,7.0,BRANDY BRANCH COOLING POND,4.0933332
2021,7.0,BRAZORIA RESERVOIR,2.0049999
2021,7.0,BRYAN UTILITIES LAKE,1.6800001
2021,7.0,CADDO LAKE,4.7733335
2021,7.0,CALAVERAS LAKE,2.3733335
2021,7.0,CANYON LAKE,-0.48333332
2021,7.0,CASA BLANCA LAKE,-1.1
2021,7.0,CEDAR BAYOU GENERATING POND,0.96833336
2021,7.0,CEDAR CREEK RESERVOIR COLORADO,3.12
2021,7.0,CEDAR CREEK RESERVOIR TRINITY,3.7183332
2021,7.0,CHAMPION CREEK RESERVOIR,3.2266667
2021,7.0,CHOKE CANYON RESERVOIR,3.405
2021,7.0,COLETO CREEK RESERVOIR,3.5566666
2021,7.0,COX LAKE / RAW WATER LAKE / RECYCLE LAKE,4.24
2021,7.0,DELTA LAKE,3.1816669
2021,7.0,E V SPENCE RESERVOIR,2.0183334
2021,7.0,EAGLE LAKE,1.8199999
2021,7.0,EAGLE MOUNTAIN LAKE,1.5333333
2021,7.0,EAGLE NEST LAKE / MANOR LAKE,3.105
2021,7.0,ELLISON CREEK RESERVOIR,5.115
2021,7.0,FAIRFIELD LAKE,3.2416666
2021,7.0,FARMER'S CREEK RESERVOIR,-0.8283333
2021,7.0,FOREST GROVE RESERVOIR,3.3116667
2021,7.0,GIBBONS CREEK RESERVOIR,1.37
2021,7.0,GRANGER LAKE,-0.92333335
2021,7.0,GRAPEVINE LAKE,2.2716665
2021,7.0,GREENBELT LAKE,1.4816667
2021,7.0,GULF COAST WATER AUTHORITY RESERVOIR,1.495
2021,7.0,HORDS CREEK LAKE,-1.1533333
2021,7.0,HOUSTON COUNTY LAKE,2.38
2021,7.0,HUBBARD CREEK RESERVOIR,3.0616667
2021,7.0,HUBERT H MOSS LAKE,-0.495
2021,7.0,IMPERIAL RESERVOIR,-1.7183334
2021,7.0,INKS LAKE,1.985
2021,7.0,INTERNATIONAL AMISTAD RESERVOIR,-1.7416667
2021,7.0,INTERNATIONAL FALCON RESERVOIR,1.4983333
2021,7.0,JIM CHAPMAN LAKE,3.27
2021,7.0,JOE POOL LAKE,1.535
2021,7.0,JOHNSON CREEK RESERVOIR,4.94
2021,7.0,LAKE ABILENE,2.175
2021,7.0,LAKE AMON G CARTER,-1.015
2021,7.0,LAKE ANAHUAC,0.85
2021,7.0,LAKE ARLINGTON,1.1683333
2021,7.0,LAKE ARROWHEAD,1.6733334
2021,7.0,LAKE ATHENS,3.0616665
2021,7.0,LAKE AUSTIN,1.3983333
2021,7.0,LAKE BALLINGER / LAKE MOONEN,-1.1016667
2021,7.0,LAKE BALMORHEA,0.6333333
2021,7.0,LAKE BASTROP,2.02
2021,7.0,LAKE BOB SANDLIN,3.9716666
2021,7.0,LAKE BONHAM,2.2150002
2021,7.0,LAKE BRIDGEPORT,0.755
2021,7.0,LAKE BROWNWOOD,1.09
2021,7.0,LAKE BUCHANAN,1.8766667
2021,7.0,LAKE CHEROKEE,2.8183334
2021,7.0,LAKE CISCO,2.3416667
2021,7.0,LAKE CLYDE,4.2266665
2021,7.0,LAKE COLEMAN,1.205
2021,7.0,LAKE COLORADO CITY,3.2166667
2021,7.0,LAKE CONROE,1.8516667
2021,7.0,LAKE CORPUS CHRISTI RESERVOIR,3.5183334
2021,7.0,LAKE CREEK LAKE,2.025
2021,7.0,LAKE CROOK,3.55
2021,7.0,LAKE CYPRESS SPRINGS,3.6166668
2021,7.0,LAKE DANIEL,2.805
2021,7.0,LAKE DAVIS,1.91
2021,7.0,LAKE DIVERSION,1.8
2021,7.0,LAKE DUNLAP,-1.0333333
2021,7.0,LAKE ELECTRA,1.4833333
2021,7.0,LAKE FORK RESERVOIR,4.435
2021,7.0,LAKE FORT PHANTOM HILL,2.9766667
2021,7.0,LAKE GEORGETOWN,1.7883333
2021,7.0,LAKE GILMER,3.4283333
2021,7.0,LAKE GLADEWATER,4.8283334
2021,7.0,LAKE GONZALES (H-4),2.6633334
2021,7.0,LAKE GRAHAM,2.1833334
2021,7.0,LAKE GRANBURY,2.3816667
2021,7.0,LAKE HALBERT,0.42333335
2021,7.0,LAKE HOUSTON,1.9266666
2021,7.0,LAKE J B THOMAS,3.3666668
2021,7.0,LAKE JACKSONVILLE,3.1966667
2021,7.0,LAKE KEMP,2.53
2021,7.0,LAKE KICKAPOO,1.9483334
2021,7.0,LAKE KIRBY,2.525
2021,7.0,LAKE KURTH,3.395
2021,7.0,LAKE LEON,2.26
2021,7.0,LAKE LIMESTONE,3.6716666
2021,7.0,LAKE LIVINGSTON,2.575
2021,7.0,LAKE LYNDON B JOHNSON,1.365
2021,7.0,LAKE MARBLE FALLS,2.01
2021,7.0,LAKE MCQUEENEY,0.6683333
2021,7.0,LAKE MEREDITH,0.17500001
2021,7.0,LAKE MEXIA,2.02
2021,7.0,LAKE MINERAL WELLS,1.825
2021,7.0,LAKE MURVAUL,2.9566667
2021,7.0,LAKE NACOGDOCHES,4.153333
2021,7.0,LAKE NASWORTHY,-0.81166667
2021,7.0,LAKE O' THE PINES,5.3766665
2021,7.0,LAKE OLNEY / LAKE COOPER,0.7633333
2021,7.0,LAKE PALESTINE,4.508333
2021,7.0,LAKE PALO PINTO,2.8083334
2021,7.0,LAKE PAT CLEBURNE,1.66
2021,7.0,LAKE PAULINE,-0.19166665
2021,7.0,LAKE RAY HUBBARD,2.1566668
2021,7.0,LAKE RAY ROBERTS,1.2683333
2021,7.0,LAKE STAMFORD,2.91
2021,7.0,LAKE STRIKER,2.2
2021,7.0,LAKE SULPHUR SPRINGS,1.7633333
2021,7.0,LAKE SWEETWATER,3.4366665
2021,7.0,LAKE TAWAKONI,2.8
2021,7.0,LAKE TEXANA,4.3533335
2021,7.0,LAKE TEXOMA,-1.1700001
2021,7.0,LAKE TRAVIS,2.385
2021,7.0,LAKE TYLER,2.865
2021,7.0,LAKE WACO,2.025
2021,7.0,LAKE WALTER E LONG,1.525
2021,7.0,LAKE WAXAHACHIE,2.82
2021,7.0,LAKE WEATHERFORD,1.995
2021,7.0,LAKE WHITNEY,1.8133333
2021,7.0,LAKE WICHITA,1.5433333
2021,7.0,LAKE WINTERS/NEW LAKE WINTERS,1.045
2021,7.0,LAKE WORTH,1.6516666
2021,7.0,LAVON LAKE,3.5633333
2021,7.0,LEWIS CREEK RESERVOIR,1.9433334
2021,7.0,LEWISVILLE LAKE,3.6266665
2021,7.0,LOMA ALTA LAKE,2.0133333
2021,7.0,LOST CREEK RESERVOIR,1.24
2021,7.0,MACKENZIE RESERVOIR,-1.21
2021,7.0,MARTIN LAKE,3.6583333
2021,7.0,MEDINA LAKE,-1.33
2021,7.0,MILLERS CREEK RESERVOIR,1.44
2021,7.0,MITCHELL COUNTY RESERVOIR,4.1766667
2021,7.0,MONTICELLO RESERVOIR,3.76
2021,7.0,MOUNTAIN CREEK LAKE,2.4766667
2021,7.0,MUD LAKE NO. 4,4.201667
2021,7.0,MUSTANG LAKE EAST/MUSTANG LAKE WEST,1.7416667
2021,7.0,NAVARRO MILLS LAKE,0.9016667
2021,7.0,NEW TERRELL CITY LAKE,1.4333334
2021,7.0,NORTH FORK BUFFALO CREEK RESERVOIR,1.9816667
2021,7.0,NORTH LAKE,1.1716666
2021,7.0,O C FISHER LAKE,-0.51500005
2021,7.0,O H IVIE RESERVOIR,0.9433333
2021,7.0,OAK CREEK RESERVOIR,1.9783334
2021,7.0,PALO DURO RESERVOIR,-0.018333336
2021,7.0,PAT MAYSE LAKE,3.145
2021,7.0,PEACOCK SITE 1A TAILINGS RESERVOIR,4.6416664
2021,7.0,PINKSTON RESERVOIR,2.9033332
2021,7.0,POSSUM KINGDOM LAKE,3.6316667
2021,7.0,PROCTOR LAKE,2.2866666
2021,7.0,RANDELL LAKE,1.0516666
2021,7.0,RED BLUFF RESERVOIR,-0.011666666
2021,7.0,RED DRAW RESERVOIR,3.265
2021,7.0,RICHLAND-CHAMBERS RESERVOIR,2.0733333
2021,7.0,RIVER CREST LAKE,4.15
2021,7.0,SAM RAYBURN RESERVOIR,4.0950003
2021,7.0,SANTA ROSA LAKE,2.21
2021,7.0,SHELDON RESERVOIR,1.82
2021,7.0,SMITHERS LAKE,2.8416667
2021,7.0,SOMERVILLE LAKE,2.3833332
2021,7.0,SOUTH TEXAS PROJECT RESERVOIR,3.5383334
2021,7.0,SQUAW CREEK RESERVOIR,2.515
2021,7.0,STILLHOUSE HOLLOW LAKE,0.45166665
2021,7.0,SULPHUR SPRINGS DRAW STORAGE RESERVOIR,2.0433333
2021,7.0,TOLEDO BEND RESERVOIR,6.205
2021,7.0,TRADINGHOUSE CREEK RESERVOIR,3.1983333
2021,7.0,TRINIDAD LAKE,1.8683333
2021,7.0,TWIN BUTTES RESERVOIR,0.18333332
2021,7.0,TWIN OAK RESERVOIR,3.1683333
2021,7.0,UPPER NUECES LAKE,1.4416666
2021,7.0,VALLEY ACRES RESERVOIR,3.1166668
2021,7.0,VALLEY LAKE,1.515
2021,7.0,VICTOR BRAUNIG LAKE,1.7
2021,7.0,WALLISVILLE LAKE,-1.0516666
2021,7.0,WELSH RESERVOIR,4.4316664
2021,7.0,WHITE RIVER LAKE,1.755
2021,7.0,WHITE ROCK LAKE,1.5066667
2021,7.0,WILLIAM HARRIS RESERVOIR,2.25
2021,7.0,WRIGHT PATMAN LAKE,6.383333
2021,7.0,TAILING PONDS NO. 2,3.98
2021,7.0,TAILING PONDS,3.8516667
2021,7.0,COFFEE MILL LAKE,2.9933333
2021,7.0,LAKE HAWKINS,3.1583333
2021,7.0,LAKE HOLBROOK,2.92
2021,7.0,LAKE QUITMAN,4.1766667
2021,7.0,LAKE WINNSBORO,4.435
2021,7.0,LAKE KIOWA,1.7233334
2021,7.0,BARNEY M DAVIS RESERVOIR,3.7616665
2021,7.0,BIVINS LAKE,-0.29666668
2021,7.0,TRUSCOTT BRINE LAKE,1.5583333
2021,7.0,LAKE RITA BLANCA,0.22000001
2021,7.0,SAN ESTEBAN LAKE,-2.605
2021,7.0,CAMP CREEK LAKE,2.7533333
2021,7.0,NATURAL DAM LAKE,2.7333333
2021,7.0,J.D. MURPHREE WILDLIFE IMPOUNDMENT,2.095
2021,7.0,ADDICKS RESERVOIR,1.9649999
2021,7.0,BARKER RESERVOIR,2.0433333
2021,7.0,BUFFALO LAKE,-1.4283333
2021,7.0,LAKE NACONICHE,2.95
2021,7.0,LOWER RUNNING WATER DRAW WS SCS SITE 2,-0.09500002
2021,7.0,LOWER RUNNING WATER DRAW WS SCS SITE 3,-0.113333344
2021,7.0,ALDERS RESERVOIR,1.1216667
2021,8.0,ALAN HENRY RESERVOIR,3.4966667
2021,8.0,ALCOA LAKE,2.0833333
2021,8.0,ANZALDUAS CHANNEL DAM,6.875
2021,8.0,AQUILLA LAKE,1.3
2021,8.0,B A STEINHAGEN LAKE,3.395
2021,8.0,BARDWELL LAKE,2.8183334
2021,8.0,BAYLOR LAKE,1.0466666
2021,8.0,BELTON LAKE,2.1783333
2021,8.0,BENBROOK LAKE,0.99
2021,8.0,BRADY CREEK RESERVOIR,0.095000006
2021,8.0,BRANDY BRANCH COOLING POND,5.2966666
2021,8.0,BRAZORIA RESERVOIR,2.95
2021,8.0,BRYAN UTILITIES LAKE,3.47
2021,8.0,CADDO LAKE,5.491667
2021,8.0,CALAVERAS LAKE,3.1616666
2021,8.0,CANYON LAKE,1.4033333
2021,8.0,CASA BLANCA LAKE,1.5583333
2021,8.0,CEDAR BAYOU GENERATING POND,1.5866667
2021,8.0,CEDAR CREEK RESERVOIR COLORADO,4.4166665
2021,8.0,CEDAR CREEK RESERVOIR TRINITY,4.45
2021,8.0,CHAMPION CREEK RESERVOIR,4.628333
2021,8.0,CHOKE CANYON RESERVOIR,3.875
2021,8.0,COLETO CREEK RESERVOIR,5.008333
2021,8.0,COX LAKE / RAW WATER LAKE / RECYCLE LAKE,5.5533333
2021,8.0,DELTA LAKE,4.66
2021,8.0,E V SPENCE RESERVOIR,2.44
2021,8.0,EAGLE LAKE,2.9216666
2021,8.0,EAGLE MOUNTAIN LAKE,1.725
2021,8.0,EAGLE NEST LAKE / MANOR LAKE,3.8049998
2021,8.0,ELLISON CREEK RESERVOIR,5.5666666
2021,8.0,FAIRFIELD LAKE,3.995
2021,8.0,FARMER'S CREEK RESERVOIR,-0.24000001
2021,8.0,FOREST GROVE RESERVOIR,4.633333
2021,8.0,GIBBONS CREEK RESERVOIR,3.66
2021,8.0,GRANGER LAKE,-0.49666667
2021,8.0,GRAPEVINE LAKE,2.4516666
2021,8.0,GREENBELT LAKE,1.9183333
2021,8.0,GULF COAST WATER AUTHORITY RESERVOIR,2.0616667
2021,8.0,HORDS CREEK LAKE,-1.0550001
2021,8.0,HOUSTON COUNTY LAKE,3.4
2021,8.0,HUBBARD CREEK RESERVOIR,3.0666666
2021,8.0,HUBERT H MOSS LAKE,1.2516667
2021,8.0,IMPERIAL RESERVOIR,-1.495
2021,8.0,INKS LAKE,2.2916665
2021,8.0,INTERNATIONAL AMISTAD RESERVOIR,-1.0
2021,8.0,INTERNATIONAL FALCON RESERVOIR,1.9516667
2021,8.0,JIM CHAPMAN LAKE,3.78
2021,8.0,JOE POOL LAKE,2.325
2021,8.0,JOHNSON CREEK RESERVOIR,5.455
2021,8.0,LAKE ABILENE,2.185
2021,8.0,LAKE AMON G CARTER,-0.46833333
2021,8.0,LAKE ANAHUAC,0.835
2021,8.0,LAKE ARLINGTON,1.2233334
2021,8.0,LAKE ARROWHEAD,2.0233333
2021,8.0,LAKE ATHENS,4.3983335
2021,8.0,LAKE AUSTIN,2.1083333
2021,8.0,LAKE BALLINGER / LAKE MOONEN,1.1316667
2021,8.0,LAKE BALMORHEA,2.5383334
2021,8.0,LAKE BASTROP,2.9633334
2021,8.0,LAKE BOB SANDLIN,4.205
2021,8.0,LAKE BONHAM,2.0533333
2021,8.0,LAKE BRIDGEPORT,0.96333337
2021,8.0,LAKE BROWNWOOD,0.84333336
2021,8.0,LAKE BUCHANAN,2.0549998
2021,8.0,LAKE CHEROKEE,3.7083333
2021,8.0,LAKE CISCO,2.2333333
2021,8.0,LAKE CLYDE,4.7516665
2021,8.0,LAKE COLEMAN,1.7116667
2021,8.0,LAKE COLORADO CITY,4.83
2021,8.0,LAKE CONROE,2.23
2021,8.0,LAKE CORPUS CHRISTI RESERVOIR,4.6383333
2021,8.0,LAKE CREEK LAKE,2.52
2021,8.0,LAKE CROOK,3.3583333
2021,8.0,LAKE CYPRESS SPRINGS,3.6883333
2021,8.0,LAKE DANIEL,3.475
2021,8.0,LAKE DAVIS,2.5900002
2021,8.0,LAKE DIVERSION,1.6766666
2021,8.0,LAKE DUNLAP,1.7766666
2021,8.0,LAKE ELECTRA,1.7783333
2021,8.0,LAKE FORK RESERVOIR,4.798333
2021,8.0,LAKE FORT PHANTOM HILL,3.0133333
2021,8.0,LAKE GEORGETOWN,2.5216665
2021,8.0,LAKE GILMER,3.9933333
2021,8.0,LAKE GLADEWATER,5.5
2021,8.0,LAKE GONZALES (H-4),4.036667
2021,8.0,LAKE GRAHAM,2.3466666
2021,8.0,LAKE GRANBURY,2.8066666
2021,8.0,LAKE HALBERT,1.8616667
2021,8.0,LAKE HOUSTON,2.35
2021,8.0,LAKE J B THOMAS,3.5716667
2021,8.0,LAKE JACKSONVILLE,4.4083333
2021,8.0,LAKE KEMP,2.73
2021,8.0,LAKE KICKAPOO,2.2266667
2021,8.0,LAKE KIRBY,2.32
2021,8.0,LAKE KURTH,3.7283332
2021,8.0,LAKE LEON,2.5183332
2021,8.0,LAKE LIMESTONE,4.5066667
2021,8.0,LAKE LIVINGSTON,2.465
2021,8.0,LAKE LYNDON B JOHNSON,1.3416667
2021,8.0,LAKE MARBLE FALLS,2.365
2021,8.0,LAKE MCQUEENEY,2.6416667
2021,8.0,LAKE MEREDITH,0.91333336
2021,8.0,LAKE MEXIA,2.9166667
2021,8.0,LAKE MINERAL WELLS,2.5833333
2021,8.0,LAKE MURVAUL,3.8783333
2021,8.0,LAKE NACOGDOCHES,4.66
2021,8.0,LAKE NASWORTHY,1.4916667
2021,8.0,LAKE O' THE PINES,5.8683333
2021,8.0,LAKE OLNEY / LAKE COOPER,0.81
2021,8.0,LAKE PALESTINE,5.8483334
2021,8.0,LAKE PALO PINTO,3.2233334
2021,8.0,LAKE PAT CLEBURNE,1.7066667
2021,8.0,LAKE PAULINE,1.4533334
2021,8.0,LAKE RAY HUBBARD,2.5033333
2021,8.0,LAKE RAY ROBERTS,1.6233333
2021,8.0,LAKE STAMFORD,2.8583333
2021,8.0,LAKE STRIKER,3.365
2021,8.0,LAKE SULPHUR SPRINGS,1.77
2021,8.0,LAKE SWEETWATER,3.6683333
2021,8.0,LAKE TAWAKONI,3.4116666
2021,8.0,LAKE TEXANA,5.79
2021,8.0,LAKE TEXOMA,-0.935
2021,8.0,LAKE TRAVIS,3.4716666
2021,8.0,LAKE TYLER,4.015
2021,8.0,LAKE WACO,2.75
2021,8.0,LAKE WALTER E LONG,2.33
2021,8.0,LAKE WAXAHACHIE,3.9883332
2021,8.0,LAKE WEATHERFORD,2.3633332
2021,8.0,LAKE WHITNEY,2.515
2021,8.0,LAKE WICHITA,1.5816667
2021,8.0,LAKE WINTERS/NEW LAKE WINTERS,1.725
2021,8.0,LAKE WORTH,1.7333333
2021,8.0,LAVON LAKE,3.6383333
2021,8.0,LEWIS CREEK RESERVOIR,2.6966667
2021,8.0,LEWISVILLE LAKE,3.97
2021,8.0,LOMA ALTA LAKE,3.4016666
2021,8.0,LOST CREEK RESERVOIR,1.2883333
2021,8.0,MACKENZIE RESERVOIR,1.365
2021,8.0,MARTIN LAKE,4.3083334
2021,8.0,MEDINA LAKE,0.485
2021,8.0,MILLERS CREEK RESERVOIR,1.4783334
2021,8.0,MITCHELL COUNTY RESERVOIR,5.5350003
2021,8.0,MONTICELLO RESERVOIR,4.0133333
2021,8.0,MOUNTAIN CREEK LAKE,2.53
2021,8.0,MUD LAKE NO. 4,5.36
2021,8.0,MUSTANG LAKE EAST/MUSTANG LAKE WEST,2.7716668
2021,8.0,NAVARRO MILLS LAKE,2.3616667
2021,8.0,NEW TERRELL CITY LAKE,2.165
2021,8.0,NORTH FORK BUFFALO CREEK RESERVOIR,2.0916667
2021,8.0,NORTH LAKE,1.5816667
2021,8.0,O C FISHER LAKE,1.255
2021,8.0,O H IVIE RESERVOIR,1.3416667
2021,8.0,OAK CREEK RESERVOIR,2.86
2021,8.0,PALO DURO RESERVOIR,1.1916667
2021,8.0,PAT MAYSE LAKE,2.9866667
2021,8.0,PEACOCK SITE 1A TAILINGS RESERVOIR,5.1883335
2021,8.0,PINKSTON RESERVOIR,3.1783333
2021,8.0,POSSUM KINGDOM LAKE,4.37
2021,8.0,PROCTOR LAKE,2.3933334
2021,8.0,RANDELL LAKE,1.0766667
2021,8.0,RED BLUFF RESERVOIR,3.0966666
2021,8.0,RED DRAW RESERVOIR,3.6483333
2021,8.0,RICHLAND-CHAMBERS RESERVOIR,2.9416666
2021,8.0,RIVER CREST LAKE,3.9950001
2021,8.0,SAM RAYBURN RESERVOIR,4.16
2021,8.0,SANTA ROSA LAKE,2.48
2021,8.0,SHELDON RESERVOIR,2.1316667
2021,8.0,SMITHERS LAKE,3.6533334
2021,8.0,SOMERVILLE LAKE,3.435
2021,8.0,SOUTH TEXAS PROJECT RESERVOIR,5.048333
2021,8.0,SQUAW CREEK RESERVOIR,3.2266667
2021,8.0,STILLHOUSE HOLLOW LAKE,1.55
2021,8.0,SULPHUR SPRINGS DRAW STORAGE RESERVOIR,3.2683334
2021,8.0,TOLEDO BEND RESERVOIR,6.485
2021,8.0,TRADINGHOUSE CREEK RESERVOIR,3.93
2021,8.0,TRINIDAD LAKE,2.58
2021,8.0,TWIN BUTTES RESERVOIR,2.155
2021,8.0,TWIN OAK RESERVOIR,5.005
2021,8.0,UPPER NUECES LAKE,2.6200001
2021,8.0,VALLEY ACRES RESERVOIR,5.0683336
2021,8.0,VALLEY LAKE,1.555
2021,8.0,VICTOR BRAUNIG LAKE,2.3566666
2021,8.0,WALLISVILLE LAKE,1.4083333
2021,8.0,WELSH RESERVOIR,4.89
2021,8.0,WHITE RIVER LAKE,2.175
2021,8.0,WHITE ROCK LAKE,1.9516667
2021,8.0,WILLIAM HARRIS RESERVOIR,3.2133334
2021,8.0,WRIGHT PATMAN LAKE,6.1716666
2021,8.0,TAILING PONDS NO. 2,5.5833335
2021,8.0,TAILING PONDS,5.175
2021,8.0,COFFEE MILL LAKE,2.8816667
2021,8.0,LAKE HAWKINS,3.8116667
2021,8.0,LAKE HOLBROOK,3.5366666
2021,8.0,LAKE QUITMAN,4.838333
2021,8.0,LAKE WINNSBORO,4.8849998
2021,8.0,LAKE KIOWA,2.2066667
2021,8.0,BARNEY M DAVIS RESERVOIR,5.6433334
2021,8.0,BIVINS LAKE,0.95166665
2021,8.0,TRUSCOTT BRINE LAKE,2.7366667
2021,8.0,LAKE RITA BLANCA,1.46
2021,8.0,SAN ESTEBAN LAKE,-2.615
2021,8.0,CAMP CREEK LAKE,5.1116667
2021,8.0,NATURAL DAM LAKE,3.2033334
2021,8.0,J.D. MURPHREE WILDLIFE IMPOUNDMENT,2.4116669
2021,8.0,ADDICKS RESERVOIR,2.8983333
2021,8.0,BARKER RESERVOIR,2.9283333
2021,8.0,BUFFALO LAKE,-1.2916667
2021,8.0,LAKE NACONICHE,3.5766666
2021,8.0,LOWER RUNNING WATER DRAW WS SCS SITE 2,2.0883334
2021,8.0,LOWER RUNNING WATER DRAW WS SCS SITE 3,1.8666667
2021,8.0,ALDERS RESERVOIR,2.0266666
2021,9.0,ALAN HENRY RESERVOIR,2.74
2021,9.0,ALCOA LAKE,1.7083333
2021,9.0,ANZALDUAS CHANNEL DAM,6.7433333
2021,9.0,AQUILLA LAKE,0.92333335
2021,9.0,B A STEINHAGEN LAKE,3.0016668
2021,9.0,BARDWELL LAKE,3.0083332
2021,9.0,BAYLOR LAKE,0.86
2021,9.0,BELTON LAKE,1.7466667
2021,9.0,BENBROOK LAKE,0.125
2021,9.0,BRADY CREEK RESERVOIR,1.12
2021,9.0,BRANDY BRANCH COOLING POND,5.613333
2021,9.0,BRAZORIA RESERVOIR,2.8466666
2021,9.0,BRYAN UTILITIES LAKE,3.4866667
2021,9.0,CADDO LAKE,5.46
2021,9.0,CALAVERAS LAKE,2.9083333
2021,9.0,CANYON LAKE,1.06
2021,9.0,CASA BLANCA LAKE,1.4283333
2021,9.0,CEDAR BAYOU GENERATING POND,1.5283333
2021,9.0,CEDAR CREEK RESERVOIR COLORADO,4.418333
2021,9.0,CEDAR CREEK RESERVOIR TRINITY,4.4383335
2021,9.0,CHAMPION CREEK RESERVOIR,4.181667
2021,9.0,CHOKE CANYON RESERVOIR,3.465
2021,9.0,COLETO CREEK RESERVOIR,5.16
2021,9.0,COX LAKE / RAW WATER LAKE / RECYCLE LAKE,5.6233335
2021,9.0,DELTA LAKE,4.511667
2021,9.0,E V SPENCE RESERVOIR,2.2966666
2021,9.0,EAGLE LAKE,2.9066668
2021,9.0,EAGLE MOUNTAIN LAKE,1.6883333
2021,9.0,EAGLE NEST LAKE / MANOR LAKE,3.6633334
2021,9.0,ELLISON CREEK RESERVOIR,5.7633333
2021,9.0,FAIRFIELD LAKE,4.0383334
2021,9.0,FARMER'S CREEK RESERVOIR,0.46833333
2021,9.0,FOREST GROVE RESERVOIR,5.3216667
2021,9.0,GIBBONS CREEK RESERVOIR,3.5733333
2021,9.0,GRANGER LAKE,-0.18166667
2021,9.0,GRAPEVINE LAKE,2.5083334
2021,9.0,GREENBELT LAKE,1.385
2021,9.0,GULF COAST WATER AUTHORITY RESERVOIR,2.045
2021,9.0,HORDS CREEK LAKE,-0.69666666
2021,9.0,HOUSTON COUNTY LAKE,3.3083334
2021,9.0,HUBBARD CREEK RESERVOIR,2.905
2021,9.0,HUBERT H MOSS LAKE,1.1066667
2021,9.0,IMPERIAL RESERVOIR,-1.6783334
2021,9.0,INKS LAKE,1.9516667
2021,9.0,INTERNATIONAL AMISTAD RESERVOIR,-1.2466667
2021,9.0,INTERNATIONAL FALCON RESERVOIR,1.265
2021,9.0,JIM CHAPMAN LAKE,3.78
2021,9.0,JOE POOL LAKE,2.615
2021,9.0,JOHNSON CREEK RESERVOIR,5.62
2021,9.0,LAKE ABILENE,1.5883334
2021,9.0,LAKE AMON G CARTER,1.1716666
2021,9.0,LAKE ANAHUAC,0.5783333
2021,9.0,LAKE ARLINGTON,1.235
2021,9.0,LAKE ARROWHEAD,2.26
2021,9.0,LAKE ATHENS,4.9016666
2021,9.0,LAKE AUSTIN,2.255
2021,9.0,LAKE BALLINGER / LAKE MOONEN,1.51
2021,9.0,LAKE BALMORHEA,3.2916667
2021,9.0,LAKE BASTROP,3.0333333
2021,9.0,LAKE BOB SANDLIN,3.8816667
2021,9.0,LAKE BONHAM,1.7266667
2021,9.0,LAKE BRIDGEPORT,1.615
2021,9.0,LAKE BROWNWOOD,0.625
2021,9.0,LAKE BUCHANAN,1.5416667
2021,9.0,LAKE CHEROKEE,3.8983333
2021,9.0,LAKE CISCO,2.0683334
2021,9.0,LAKE CLYDE,5.175
2021,9.0,LAKE COLEMAN,3.0266666
2021,9.0,LAKE COLORADO CITY,4.345
2021,9.0,LAKE CONROE,1.8733333
2021,9.0,LAKE CORPUS CHRISTI RESERVOIR,4.6383333
2021,9.0,LAKE CREEK LAKE,2.4833333
2021,9.0,LAKE CROOK,3.1166666
2021,9.0,LAKE CYPRESS SPRINGS,3.3283334
2021,9.0,LAKE DANIEL,3.3083334
2021,9.0,LAKE DAVIS,2.1816666
2021,9.0,LAKE DIVERSION,1.2866666
2021,9.0,LAKE DUNLAP,2.1433332
2021,9.0,LAKE ELECTRA,1.3783333
2021,9.0,LAKE FORK RESERVOIR,4.785
2021,9.0,LAKE FORT PHANTOM HILL,2.44
2021,9.0,LAKE GEORGETOWN,2.2433333
2021,9.0,LAKE GILMER,4.005
2021,9.0,LAKE GLADEWATER,5.52
2021,9.0,LAKE GONZALES (H-4),4.08
2021,9.0,LAKE GRAHAM,2.0433333
2021,9.0,LAKE GRANBURY,2.6116667
2021,9.0,LAKE HALBERT,1.7816666
2021,9.0,LAKE HOUSTON,2.1516666
2021,9.0,LAKE J B THOMAS,2.5933332
2021,9.0,LAKE JACKSONVILLE,4.3083334
2021,9.0,LAKE KEMP,2.945
2021,9.0,LAKE KICKAPOO,1.885
2021,9.0,LAKE KIRBY,1.6216667
2021,9.0,LAKE KURTH,3.5716667
2021,9.0,LAKE LEON,3.0016665
2021,9.0,LAKE LIMESTONE,4.49
2021,9.0,LAKE LIVINGSTON,1.9549999
2021,9.0,LAKE LYNDON B JOHNSON,1.0533333
2021,9.0,LAKE MARBLE FALLS,2.2816665
2021,9.0,LAKE MCQUEENEY,2.5216665
2021,9.0,LAKE MEREDITH,-0.41666666
2021,9.0,LAKE MEXIA,3.1966667
2021,9.0,LAKE MINERAL WELLS,3.2683334
2021,9.0,LAKE MURVAUL,4.246667
2021,9.0,LAKE NACOGDOCHES,4.391667
2021,9.0,LAKE NASWORTHY,2.07
2021,9.0,LAKE O' THE PINES,5.991667
2021,9.0,LAKE OLNEY / LAKE COOPER,0.90666664
2021,9.0,LAKE PALESTINE,5.878333
2021,9.0,LAKE PALO PINTO,3.7866666
2021,9.0,LAKE PAT CLEBURNE,1.4549999
2021,9.0,LAKE PAULINE,0.92833334
2021,9.0,LAKE RAY HUBBARD,2.6983333
2021,9.0,LAKE RAY ROBERTS,2.0233333
2021,9.0,LAKE STAMFORD,2.3283334
2021,9.0,LAKE STRIKER,3.3466666
2021,9.0,LAKE SULPHUR SPRINGS,1.5583333
2021,9.0,LAKE SWEETWATER,2.9733334
2021,9.0,LAKE TAWAKONI,3.705
2021,9.0,LAKE TEXANA,6.285
2021,9.0,LAKE TEXOMA,0.83666664
2021,9.0,LAKE TRAVIS,3.36
2021,9.0,LAKE TYLER,4.2033334
2021,9.0,LAKE WACO,3.3516667
2021,9.0,LAKE WALTER E LONG,2.125
2021,9.0,LAKE WAXAHACHIE,4.4216666
2021,9.0,LAKE WEATHERFORD,2.4183333
2021,9.0,LAKE WHITNEY,2.45
2021,9.0,LAKE WICHITA,1.145
2021,9.0,LAKE WINTERS/NEW LAKE WINTERS,2.785
2021,9.0,LAKE WORTH,1.7983333
2021,9.0,LAVON LAKE,3.7483335
2021,9.0,LEWIS CREEK RESERVOIR,2.575
2021,9.0,LEWISVILLE LAKE,4.14
2021,9.0,LOMA ALTA LAKE,3.0533333
2021,9.0,LOST CREEK RESERVOIR,1.7033334
2021,9.0,MACKENZIE RESERVOIR,0.37166667
2021,9.0,MARTIN LAKE,4.4166665
2021,9.0,MEDINA LAKE,1.2733333
2021,9.0,MILLERS CREEK RESERVOIR,0.94
2021,9.0,MITCHELL COUNTY RESERVOIR,5.0183334
2021,9.0,MONTICELLO RESERVOIR,3.7533333
2021,9.0,MOUNTAIN CREEK LAKE,2.4233332
2021,9.0,MUD LAKE NO. 4,5.3033333
2021,9.0,MUSTANG LAKE EAST/MUSTANG LAKE WEST,2.7816668
2021,9.0,NAVARRO MILLS LAKE,2.2
2021,9.0,NEW TERRELL CITY LAKE,2.4616666
2021,9.0,NORTH FORK BUFFALO CREEK RESERVOIR,1.6666666
2021,9.0,NORTH LAKE,1.8933333
2021,9.0,O C FISHER LAKE,2.2233334
2021,9.0,O H IVIE RESERVOIR,1.275
2021,9.0,OAK CREEK RESERVOIR,2.675
2021,9.0,PALO DURO RESERVOIR,0.765
2021,9.0,PAT MAYSE LAKE,2.8883333
2021,9.0,PEACOCK SITE 1A TAILINGS RESERVOIR,5.39
2021,9.0,PINKSTON RESERVOIR,3.2333333
2021,9.0,POSSUM KINGDOM LAKE,4.42
2021,9.0,PROCTOR LAKE,2.2333333
2021,9.0,RANDELL LAKE,2.1499999
2021,9.0,RED BLUFF RESERVOIR,3.8483334
2021,9.0,RED DRAW RESERVOIR,3.16
2021,9.0,RICHLAND-CHAMBERS RESERVOIR,2.7883334
2021,9.0,RIVER CREST LAKE,4.0266666
2021,9.0,SAM RAYBURN RESERVOIR,3.72
2021,9.0,SANTA ROSA LAKE,2.775
2021,9.0,SHELDON RESERVOIR,1.87
2021,9.0,SMITHERS LAKE,3.4483333
2021,9.0,SOMERVILLE LAKE,3.1766667
2021,9.0,SOUTH TEXAS PROJECT RESERVOIR,5.19
2021,9.0,SQUAW CREEK RESERVOIR,3.0133333
2021,9.0,STILLHOUSE HOLLOW LAKE,0.8933333
2021,9.0,SULPHUR SPRINGS DRAW STORAGE RESERVOIR,2.87
2021,9.0,TOLEDO BEND RESERVOIR,6.0583334
2021,9.0,TRADINGHOUSE CREEK RESERVOIR,4.2316666
2021,9.0,TRINIDAD LAKE,2.405
2021,9.0,TWIN BUTTES RESERVOIR,2.8416667
2021,9.0,TWIN OAK RESERVOIR,5.6033335
2021,9.0,UPPER NUECES LAKE,2.4850001
2021,9.0,VALLEY ACRES RESERVOIR,5.1383333
2021,9.0,VALLEY LAKE,1.6616666
2021,9.0,VICTOR BRAUNIG LAKE,2.1983333
2021,9.0,WALLISVILLE LAKE,1.22
2021,9.0,WELSH RESERVOIR,5.1016665
2021,9.0,WHITE RIVER LAKE,1.8266666
2021,9.0,WHITE ROCK LAKE,2.43
2021,9.0,WILLIAM HARRIS RESERVOIR,3.1866667
2021,9.0,WRIGHT PATMAN LAKE,5.6883335
2021,9.0,TAILING PONDS NO. 2,5.713333
2021,9.0,TAILING PONDS,4.9783335
2021,9.0,COFFEE MILL LAKE,2.5866666
2021,9.0,LAKE HAWKINS,3.955
2021,9.0,LAKE HOLBROOK,3.7366667
2021,9.0,LAKE QUITMAN,5.0333333
2021,9.0,LAKE WINNSBORO,4.6933336
2021,9.0,LAKE KIOWA,2.82
2021,9.0,BARNEY M DAVIS RESERVOIR,5.765
2021,9.0,BIVINS LAKE,0.07333334
2021,9.0,TRUSCOTT BRINE LAKE,2.35
2021,9.0,LAKE RITA BLANCA,0.8333334
2021,9.0,SAN ESTEBAN LAKE,-2.5533333
2021,9.0,CAMP CREEK LAKE,5.9733334
2021,9.0,NATURAL DAM LAKE,2.735
2021,9.0,J.D. MURPHREE WILDLIFE IMPOUNDMENT,2.3633332
2021,9.0,ADDICKS RESERVOIR,2.855
2021,9.0,BARKER RESERVOIR,2.8183334
2021,9.0,BUFFALO LAKE,-1.6066667
2021,9.0,LAKE NACONICHE,3.335
2021,9.0,LOWER RUNNING WATER DRAW WS SCS SITE 2,2.0383334
2021,9.0,LOWER RUNNING WATER DRAW WS SCS SITE 3,1.675
2021,9.0,ALDERS RESERVOIR,1.8183334
2021,10.0,ALAN HENRY RESERVOIR,1.945
2021,10.0,ALCOA LAKE,1.28
2021,10.0,ANZALDUAS CHANNEL DAM,5.758333
2021,10.0,AQUILLA LAKE,0.20833333
2021,10.0,B A STEINHAGEN LAKE,2.5066667
2021,10.0,BARDWELL LAKE,2.4133334
2021,10.0,BAYLOR LAKE,-0.56
2021,10.0,BELTON LAKE,1.1916666
2021,10.0,BENBROOK LAKE,-0.14666666
2021,10.0,BRADY CREEK RESERVOIR,1.0883334
2021,10.0,BRANDY BRANCH COOLING POND,5.06
2021,10.0,BRAZORIA RESERVOIR,3.1166668
2021,10.0,BRYAN UTILITIES LAKE,3.13
2021,10.0,CADDO LAKE,4.6866665
2021,10.0,CALAVERAS LAKE,2.3166666
2021,10.0,CANYON LAKE,1.0616666
2021,10.0,CASA BLANCA LAKE,0.755
2021,10.0,CEDAR BAYOU GENERATING POND,2.0183332
2021,10.0,CEDAR CREEK RESERVOIR COLORADO,4.0933332
2021,10.0,CEDAR CREEK RESERVOIR TRINITY,3.6533332
2021,10.0,CHAMPION CREEK RESERVOIR,3.205
2021,10.0,CHOKE CANYON RESERVOIR,3.0416665
2021,10.0,COLETO CREEK RESERVOIR,4.826667
2021,10.0,COX LAKE / RAW WATER LAKE / RECYCLE LAKE,5.6666665
2021,10.0,DELTA LAKE,3.9233334
2021,10.0,E V SPENCE RESERVOIR,1.5883334
2021,10.0,EAGLE LAKE,2.7683334
2021,10.0,EAGLE MOUNTAIN LAKE,1.1066667
2021,10.0,EAGLE NEST LAKE / MANOR LAKE,4.025
2021,10.0,ELLISON CREEK RESERVOIR,5.165
2021,10.0,FAIRFIELD LAKE,3.4
2021,10.0,FARMER'S CREEK RESERVOIR,-0.6583333
2021,10.0,FOREST GROVE RESERVOIR,4.6466665
2021,10.0,GIBBONS CREEK RESERVOIR,3.1383333
2021,10.0,GRANGER LAKE,-0.74833333
2021,10.0,GRAPEVINE LAKE,1.745
2021,10.0,GREENBELT LAKE,0.095
2021,10.0,GULF COAST WATER AUTHORITY RESERVOIR,2.605
2021,10.0,HORDS CREEK LAKE,-0.78166664
2021,10.0,HOUSTON COUNTY LAKE,2.555
2021,10.0,HUBBARD CREEK RESERVOIR,2.1366668
2021,10.0,HUBERT H MOSS LAKE,0.19000001
2021,10.0,IMPERIAL RESERVOIR,-2.3966665
2021,10.0,INKS LAKE,1.7583333
2021,10.0,INTERNATIONAL AMISTAD RESERVOIR,-1.6583333
2021,10.0,INTERNATIONAL FALCON RESERVOIR,-0.66
2021,10.0,JIM CHAPMAN LAKE,2.9183333
2021,10.0,JOE POOL LAKE,1.955
2021,10.0,JOHNSON CREEK RESERVOIR,5.056667
2021,10.0,LAKE ABILENE,0.94666666
2021,10.0,LAKE AMON G CARTER,-0.023333333
2021,10.0,LAKE ANAHUAC,1.005
2021,10.0,LAKE ARLINGTON,0.34
2021,10.0,LAKE ARROWHEAD,1.4333334
2021,10.0,LAKE ATHENS,4.3016667
2021,10.0,LAKE AUSTIN,2.35
2021,10.0,LAKE BALLINGER / LAKE MOONEN,1.1116667
2021,10.0,LAKE BALMORHEA,2.8366666
2021,10.0,LAKE BASTROP,2.7416666
2021,10.0,LAKE BOB SANDLIN,3.0933332
2021,10.0,LAKE BONHAM,1.0566666
2021,10.0,LAKE BRIDGEPORT,1.1083333
2021,10.0,LAKE BROWNWOOD,-0.645
2021,10.0,LAKE BUCHANAN,1.2866666
2021,10.0,LAKE CHEROKEE,3.325
2021,10.0,LAKE CISCO,1.505
2021,10.0,LAKE CLYDE,4.2683334
2021,10.0,LAKE COLEMAN,2.855
2021,10.0,LAKE COLORADO CITY,3.3816667
2021,10.0,LAKE CONROE,1.7066667
2021,10.0,LAKE CORPUS CHRISTI RESERVOIR,4.6516666
2021,10.0,LAKE CREEK LAKE,1.8166666
2021,10.0,LAKE CROOK,2.3983333
2021,10.0,LAKE CYPRESS SPRINGS,2.5900002
2021,10.0,LAKE DANIEL,2.81
2021,10.0,LAKE DAVIS,1.2933333
2021,10.0,LAKE DIVERSION,-0.023333313
2021,10.0,LAKE DUNLAP,1.8983333
2021,10.0,LAKE ELECTRA,0.13833334
2021,10.0,LAKE FORK RESERVOIR,4.1116667
2021,10.0,LAKE FORT PHANTOM HILL,1.6833333
2021,10.0,LAKE GEORGETOWN,1.9083333
2021,10.0,LAKE GILMER,3.3966665
2021,10.0,LAKE GLADEWATER,4.8283334
2021,10.0,LAKE GONZALES (H-4),3.9683332
2021,10.0,LAKE GRAHAM,1.605
2021,10.0,LAKE GRANBURY,2.13
2021,10.0,LAKE HALBERT,1.13
2021,10.0,LAKE HOUSTON,2.5333333
2021,10.0,LAKE J B THOMAS,1.87
2021,10.0,LAKE JACKSONVILLE,3.4516666
2021,10.0,LAKE KEMP,2.1266665
2021,10.0,LAKE KICKAPOO,1.045
2021,10.0,LAKE KIRBY,1.0916667
2021,10.0,LAKE KURTH,2.7783332
2021,10.0,LAKE LEON,2.5316668
2021,10.0,LAKE LIMESTONE,3.8166666
2021,10.0,LAKE LIVINGSTON,2.08
2021,10.0,LAKE LYNDON B JOHNSON,0.7316667
2021,10.0,LAKE MARBLE FALLS,1.8833333
2021,10.0,LAKE MCQUEENEY,2.475
2021,10.0,LAKE MEREDITH,-1.1366667
2021,10.0,LAKE MEXIA,2.815
2021,10.0,LAKE MINERAL WELLS,3.0033333
2021,10.0,LAKE MURVAUL,3.645
2021,10.0,LAKE NACOGDOCHES,3.435
2021,10.0,LAKE NASWORTHY,1.5916667
2021,10.0,LAKE O' THE PINES,5.443333
2021,10.0,LAKE OLNEY / LAKE COOPER,0.6016667
2021,10.0,LAKE PALESTINE,5.0616665
2021,10.0,LAKE PALO PINTO,3.7566667
2021,10.0,LAKE PAT CLEBURNE,1.0533333
2021,10.0,LAKE PAULINE,-0.8483333
2021,10.0,LAKE RAY HUBBARD,2.1383333
2021,10.0,LAKE RAY ROBERTS,1.46
2021,10.0,LAKE STAMFORD,1.3983333
2021,10.0,LAKE STRIKER,2.6766667
2021,10.0,LAKE SULPHUR SPRINGS,0.8183333
2021,10.0,LAKE SWEETWATER,2.16
2021,10.0,LAKE TAWAKONI,3.105
2021,10.0,LAKE TEXANA,5.9683332
2021,10.0,LAKE TEXOMA,0.23166667
2021,10.0,LAKE TRAVIS,2.9466667
2021,10.0,LAKE TYLER,3.5883334
2021,10.0,LAKE WACO,2.6766667
2021,10.0,LAKE WALTER E LONG,1.56
2021,10.0,LAKE WAXAHACHIE,3.77
2021,10.0,LAKE WEATHERFORD,1.7683333
2021,10.0,LAKE WHITNEY,2.1383333
2021,10.0,LAKE WICHITA,-0.6733333
2021,10.0,LAKE WINTERS/NEW LAKE WINTERS,2.2816668
2021,10.0,LAKE WORTH,1.325
2021,10.0,LAVON LAKE,3.0833333
2021,10.0,LEWIS CREEK RESERVOIR,2.4
2021,10.0,LEWISVILLE LAKE,3.3383334
2021,10.0,LOMA ALTA LAKE,3.105
2021,10.0,LOST CREEK RESERVOIR,1.1466666
2021,10.0,MACKENZIE RESERVOIR,-1.0433333
2021,10.0,MARTIN LAKE,3.8166666
2021,10.0,MEDINA LAKE,0.935
2021,10.0,MILLERS CREEK RESERVOIR,-1.0483333
2021,10.0,MITCHELL COUNTY RESERVOIR,4.0516667
2021,10.0,MONTICELLO RESERVOIR,2.9633334
2021,10.0,MOUNTAIN CREEK LAKE,1.8433332
2021,10.0,MUD LAKE NO. 4,5.1516666
2021,10.0,MUSTANG LAKE EAST/MUSTANG LAKE WEST,3.17
2021,10.0,NAVARRO MILLS LAKE,1.6233333
2021,10.0,NEW TERRELL CITY LAKE,1.7166667
2021,10.0,NORTH FORK BUFFALO CREEK RESERVOIR,0.9533333
2021,10.0,NORTH LAKE,1.2883333
2021,10.0,O C FISHER LAKE,1.79
2021,10.0,O H IVIE RESERVOIR,1.1983333
2021,10.0,OAK CREEK RESERVOIR,2.1266665
2021,10.0,PALO DURO RESERVOIR,-1.0
2021,10.0,PAT MAYSE LAKE,2.26
2021,10.0,PEACOCK SITE 1A TAILINGS RESERVOIR,4.7283335
2021,10.0,PINKSTON RESERVOIR,2.6283333
2021,10.0,POSSUM KINGDOM LAKE,3.9466667
2021,10.0,PROCTOR LAKE,1.885
2021,10.0,RANDELL LAKE,2.0666666
2021,10.0,RED BLUFF RESERVOIR,2.84
2021,10.0,RED DRAW RESERVOIR,2.1933334
2021,10.0,RICHLAND-CHAMBERS RESERVOIR,1.9833333
2021,10.0,RIVER CREST LAKE,3.1883333
2021,10.0,SAM RAYBURN RESERVOIR,3.06
2021,10.0,SANTA ROSA LAKE,2.0816667
2021,10.0,SHELDON RESERVOIR,2.3583333
2021,10.0,SMITHERS LAKE,3.5133333
2021,10.0,SOMERVILLE LAKE,2.7283335
2021,10.0,SOUTH TEXAS PROJECT RESERVOIR,5.12
2021,10.0,SQUAW CREEK RESERVOIR,2.4166667
2021,10.0,STILLHOUSE HOLLOW LAKE,-0.77166665
2021,10.0,SULPHUR SPRINGS DRAW STORAGE RESERVOIR,1.9466666
2021,10.0,TOLEDO BEND RESERVOIR,5.3
2021,10.0,TRADINGHOUSE CREEK RESERVOIR,3.655
2021,10.0,TRINIDAD LAKE,1.6566668
2021,10.0,TWIN BUTTES RESERVOIR,2.2916667
2021,10.0,TWIN OAK RESERVOIR,5.2166667
2021,10.0,UPPER NUECES LAKE,1.8133333
2021,10.0,VALLEY ACRES RESERVOIR,4.48
2021,10.0,VALLEY LAKE,1.1766666
2021,10.0,VICTOR BRAUNIG LAKE,1.9483333
2021,10.0,WALLISVILLE LAKE,1.6583333
2021,10.0,WELSH RESERVOIR,4.386667
2021,10.0,WHITE RIVER LAKE,0.99666667
2021,10.0,WHITE ROCK LAKE,1.8033333
2021,10.0,WILLIAM HARRIS RESERVOIR,3.595
2021,10.0,WRIGHT PATMAN LAKE,4.9449997
2021,10.0,TAILING PONDS NO. 2,5.5983334
2021,10.0,TAILING PONDS,4.865
2021,10.0,COFFEE MILL LAKE,1.765
2021,10.0,LAKE HAWKINS,3.3333333
2021,10.0,LAKE HOLBROOK,3.1033335
2021,10.0,LAKE QUITMAN,4.331667
2021,10.0,LAKE WINNSBORO,3.7666667
2021,10.0,LAKE KIOWA,2.32
2021,10.0,BARNEY M DAVIS RESERVOIR,5.63
2021,10.0,BIVINS LAKE,-0.9116667
2021,10.0,TRUSCOTT BRINE LAKE,1.375
2021,10.0,LAKE RITA BLANCA,-0.59333336
2021,10.0,SAN ESTEBAN LAKE,-2.9583333
2021,10.0,CAMP CREEK LAKE,5.5983334
2021,10.0,NATURAL DAM LAKE,1.9066666
2021,10.0,J.D. MURPHREE WILDLIFE IMPOUNDMENT,3.17
2021,10.0,ADDICKS RESERVOIR,3.135
2021,10.0,BARKER RESERVOIR,2.7533333
2021,10.0,BUFFALO LAKE,-2.03
2021,10.0,LAKE NACONICHE,2.4816666
2021,10.0,LOWER RUNNING WATER DRAW WS SCS SITE 2,1.8433334
2021,10.0,LOWER RUNNING WATER DRAW WS SCS SITE 3,1.1366667
2021,10.0,ALDERS RESERVOIR,2.24
2021,11.0,ALAN HENRY RESERVOIR,1.4333334
2021,11.0,ALCOA LAKE,1.4516667
2021,11.0,ANZALDUAS CHANNEL DAM,4.95
2021,11.0,AQUILLA LAKE,-0.19666666
2021,11.0,B A STEINHAGEN LAKE,2.1366668
2021,11.0,BARDWELL LAKE,2.0483334
2021,11.0,BAYLOR LAKE,-1.1166667
2021,11.0,BELTON LAKE,1.0699999
2021,11.0,BENBROOK LAKE,-0.055
2021,11.0,BRADY CREEK RESERVOIR,1.1516666
2021,11.0,BRANDY BRANCH COOLING POND,4.1033335
2021,11.0,BRAZORIA RESERVOIR,3.1866667
2021,11.0,BRYAN UTILITIES LAKE,2.95
2021,11.0,CADDO LAKE,3.79
2021,11.0,CALAVERAS LAKE,2.2316666
2021,11.0,CANYON LAKE,1.6816666
2021,11.0,CASA BLANCA LAKE,-0.9633333
2021,11.0,CEDAR BAYOU GENERATING POND,1.9816667
2021,11.0,CEDAR CREEK RESERVOIR COLORADO,4.225
2021,11.0,CEDAR CREEK RESERVOIR TRINITY,3.0766666
2021,11.0,CHAMPION CREEK RESERVOIR,2.3033333
2021,11.0,CHOKE CANYON RESERVOIR,2.6983333
2021,11.0,COLETO CREEK RESERVOIR,4.588333
2021,11.0,COX LAKE / RAW WATER LAKE / RECYCLE LAKE,5.55
2021,11.0,DELTA LAKE,3.6583333
2021,11.0,E V SPENCE RESERVOIR,1.0783334
2021,11.0,EAGLE LAKE,2.59
2021,11.0,EAGLE MOUNTAIN LAKE,0.7316667
2021,11.0,EAGLE NEST LAKE / MANOR LAKE,3.9816668
2021,11.0,ELLISON CREEK RESERVOIR,4.4216666
2021,11.0,FAIRFIELD LAKE,2.865
2021,11.0,FARMER'S CREEK RESERVOIR,-0.8616667
2021,11.0,FOREST GROVE RESERVOIR,3.8883333
2021,11.0,GIBBONS CREEK RESERVOIR,2.8233333
2021,11.0,GRANGER LAKE,-0.205
2021,11.0,GRAPEVINE LAKE,1.305
2021,11.0,GREENBELT LAKE,-1.4316666
2021,11.0,GULF COAST WATER AUTHORITY RESERVOIR,2.595
2021,11.0,HORDS CREEK LAKE,-0.21166667
2021,11.0,HOUSTON COUNTY LAKE,1.9183333
2021,11.0,HUBBARD CREEK RESERVOIR,1.5833334
2021,11.0,HUBERT H MOSS LAKE,-0.6066667
2021,11.0,IMPERIAL RESERVOIR,-2.875
2021,11.0,INKS LAKE,1.7033334
2021,11.0,INTERNATIONAL AMISTAD RESERVOIR,-2.02
2021,11.0,INTERNATIONAL FALCON RESERVOIR,-0.935
2021,11.0,JIM CHAPMAN LAKE,2.385
2021,11.0,JOE POOL LAKE,1.5216666
2021,11.0,JOHNSON CREEK RESERVOIR,4.295
2021,11.0,LAKE ABILENE,-0.29833335
2021,11.0,LAKE AMON G CARTER,-0.7216667
2021,11.0,LAKE ANAHUAC,1.06
2021,11.0,LAKE ARLINGTON,-0.9
2021,11.0,LAKE ARROWHEAD,0.9633333
2021,11.0,LAKE ATHENS,3.6066666
2021,11.0,LAKE AUSTIN,2.6316667
2021,11.0,LAKE BALLINGER / LAKE MOONEN,0.9266667
2021,11.0,LAKE BALMORHEA,1.87
2021,11.0,LAKE BASTROP,2.885
2021,11.0,LAKE BOB SANDLIN,2.4133334
2021,11.0,LAKE BONHAM,0.7133333
2021,11.0,LAKE BRIDGEPORT,1.085
2021,11.0,LAKE BROWNWOOD,-0.68333334
2021,11.0,LAKE BUCHANAN,1.1566666
2021,11.0,LAKE CHEROKEE,2.5733333
2021,11.0,LAKE CISCO,1.2716666
2021,11.0,LAKE CLYDE,3.52
2021,11.0,LAKE COLEMAN,2.6216667
2021,11.0,LAKE COLORADO CITY,2.455
2021,11.0,LAKE CONROE,1.5683333
2021,11.0,LAKE CORPUS CHRISTI RESERVOIR,4.7033334
2021,11.0,LAKE CREEK LAKE,1.5466666
2021,11.0,LAKE CROOK,1.9833333
2021,11.0,LAKE CYPRESS SPRINGS,1.9083333
2021,11.0,LAKE DANIEL,2.475
2021,11.0,LAKE DAVIS,0.001666675
2021,11.0,LAKE DIVERSION,-1.25
2021,11.0,LAKE DUNLAP,2.185
2021,11.0,LAKE ELECTRA,-1.17
2021,11.0,LAKE FORK RESERVOIR,3.475
2021,11.0,LAKE FORT PHANTOM HILL,1.1433333
2021,11.0,LAKE GEORGETOWN,2.02
2021,11.0,LAKE GILMER,2.5716667
2021,11.0,LAKE GLADEWATER,3.915
2021,11.0,LAKE GONZALES (H-4),4.8450003
2021,11.0,LAKE GRAHAM,1.355
2021,11.0,LAKE GRANBURY,1.645
2021,11.0,LAKE HALBERT,0.7133333
2021,11.0,LAKE HOUSTON,2.4783332
2021,11.0,LAKE J B THOMAS,1.185
2021,11.0,LAKE JACKSONVILLE,2.595
2021,11.0,LAKE KEMP,1.645
2021,11.0,LAKE KICKAPOO,-0.27499998
2021,11.0,LAKE KIRBY,0.46
2021,11.0,LAKE KURTH,2.0433333
2021,11.0,LAKE LEON,2.28
2021,11.0,LAKE LIMESTONE,3.365
2021,11.0,LAKE LIVINGSTON,2.0816667
2021,11.0,LAKE LYNDON B JOHNSON,0.525
2021,11.0,LAKE MARBLE FALLS,1.66
2021,11.0,LAKE MCQUEENEY,2.9616666
2021,11.0,LAKE MEREDITH,-1.6516666
2021,11.0,LAKE MEXIA,2.4683332
2021,11.0,LAKE MINERAL WELLS,2.9
2021,11.0,LAKE MURVAUL,2.9383333
2021,11.0,LAKE NACOGDOCHES,2.6366668
2021,11.0,LAKE NASWORTHY,1.2483333
2021,11.0,LAKE O' THE PINES,4.725
2021,11.0,LAKE OLNEY / LAKE COOPER,-0.006666658
2021,11.0,LAKE PALESTINE,4.2716665
2021,11.0,LAKE PALO PINTO,3.825
2021,11.0,LAKE PAT CLEBURNE,0.58166665
2021,11.0,LAKE PAULINE,-1.3983333
2021,11.0,LAKE RAY HUBBARD,1.9916667
2021,11.0,LAKE RAY ROBERTS,1.2216667
2021,11.0,LAKE STAMFORD,0.40666667
2021,11.0,LAKE STRIKER,1.9316666
2021,11.0,LAKE SULPHUR SPRINGS,-0.9483333
2021,11.0,LAKE SWEETWATER,1.47
2021,11.0,LAKE TAWAKONI,2.6399999
2021,11.0,LAKE TEXANA,5.835
2021,11.0,LAKE TEXOMA,-0.025
2021,11.0,LAKE TRAVIS,2.9516666
2021,11.0,LAKE TYLER,2.855
2021,11.0,LAKE WACO,2.3033333
2021,11.0,LAKE WALTER E LONG,1.525
2021,11.0,LAKE WAXAHACHIE,3.3400002
2021,11.0,LAKE WEATHERFORD,1.325
2021,11.0,LAKE WHITNEY,1.8433334
2021,11.0,LAKE WICHITA,-1.24
2021,11.0,LAKE WINTERS/NEW LAKE WINTERS,1.9933333
2021,11.0,LAKE WORTH,0.9866667
2021,11.0,LAVON LAKE,2.8016667
2021,11.0,LEWIS CREEK RESERVOIR,2.1766667
2021,11.0,LEWISVILLE LAKE,2.8266666
2021,11.0,LOMA ALTA LAKE,3.5616667
2021,11.0,LOST CREEK RESERVOIR,0.82
2021,11.0,MACKENZIE RESERVOIR,-1.3633333
2021,11.0,MARTIN LAKE,3.0816667
2021,11.0,MEDINA LAKE,0.95666665
2021,11.0,MILLERS CREEK RESERVOIR,-1.6033334
2021,11.0,MITCHELL COUNTY RESERVOIR,3.0933332
2021,11.0,MONTICELLO RESERVOIR,2.2816668
2021,11.0,MOUNTAIN CREEK LAKE,1.615
2021,11.0,MUD LAKE NO. 4,4.9766665
2021,11.0,MUSTANG LAKE EAST/MUSTANG LAKE WEST,3.0516667
2021,11.0,NAVARRO MILLS LAKE,1.275
2021,11.0,NEW TERRELL CITY LAKE,1.1683333
2021,11.0,NORTH FORK BUFFALO CREEK RESERVOIR,0.39333335
2021,11.0,NORTH LAKE,0.935
2021,11.0,O C FISHER LAKE,1.475
2021,11.0,O H IVIE RESERVOIR,1.1949999
2021,11.0,OAK CREEK RESERVOIR,1.5716667
2021,11.0,PALO DURO RESERVOIR,-1.205
2021,11.0,PAT MAYSE LAKE,1.9033333
2021,11.0,PEACOCK SITE 1A TAILINGS RESERVOIR,3.9233334
2021,11.0,PINKSTON RESERVOIR,1.915
2021,11.0,POSSUM KINGDOM LAKE,3.77
2021,11.0,PROCTOR LAKE,1.6716666
2021,11.0,RANDELL LAKE,2.085
2021,11.0,RED BLUFF RESERVOIR,1.915
2021,11.0,RED DRAW RESERVOIR,1.3199999
2021,11.0,RICHLAND-CHAMBERS RESERVOIR,1.4233334
2021,11.0,RIVER CREST LAKE,2.5816667
2021,11.0,SAM RAYBURN RESERVOIR,2.565
2021,11.0,SANTA ROSA LAKE,1.4033333
2021,11.0,SHELDON RESERVOIR,2.32
2021,11.0,SMITHERS LAKE,3.435
2021,11.0,SOMERVILLE LAKE,2.4966667
2021,11.0,SOUTH TEXAS PROJECT RESERVOIR,4.7633333
2021,11.0,SQUAW CREEK RESERVOIR,1.895
2021,11.0,STILLHOUSE HOLLOW LAKE,-0.73833334
2021,11.0,SULPHUR SPRINGS DRAW STORAGE RESERVOIR,1.1816666
2021,11.0,TOLEDO BEND RESERVOIR,4.635
2021,11.0,TRADINGHOUSE CREEK RESERVOIR,3.3133333
2021,11.0,TRINIDAD LAKE,1.12
2021,11.0,TWIN BUTTES RESERVOIR,2.0049999
2021,11.0,TWIN OAK RESERVOIR,4.7433333
2021,11.0,UPPER NUECES LAKE,1.2166667
2021,11.0,VALLEY ACRES RESERVOIR,4.1800003
2021,11.0,VALLEY LAKE,0.92833334
2021,11.0,VICTOR BRAUNIG LAKE,1.9433334
2021,11.0,WALLISVILLE LAKE,1.6516666
2021,11.0,WELSH RESERVOIR,3.6016667
2021,11.0,WHITE RIVER LAKE,-1.1133333
2021,11.0,WHITE ROCK LAKE,1.5366666
2021,11.0,WILLIAM HARRIS RESERVOIR,3.675
2021,11.0,WRIGHT PATMAN LAKE,4.2233334
2021,11.0,TAILING PONDS NO. 2,5.5916667
2021,11.0,TAILING PONDS,4.9016666
2021,11.0,COFFEE MILL LAKE,1.3183333
2021,11.0,LAKE HAWKINS,2.595
2021,11.0,LAKE HOLBROOK,2.4483333
2021,11.0,LAKE QUITMAN,3.53
2021,11.0,LAKE WINNSBORO,2.8733335
2021,11.0,LAKE KIOWA,2.0783334
2021,11.0,BARNEY M DAVIS RESERVOIR,5.3683333
2021,11.0,BIVINS LAKE,-1.3966666
2021,11.0,TRUSCOTT BRINE LAKE,-0.07833334
2021,11.0,LAKE RITA BLANCA,-1.3016666
2021,11.0,SAN ESTEBAN LAKE,-3.2566667
2021,11.0,CAMP CREEK LAKE,5.0583334
2021,11.0,NATURAL DAM LAKE,1.0983334
2021,11.0,J.D. MURPHREE WILDLIFE IMPOUNDMENT,3.1966667
2021,11.0,ADDICKS RESERVOIR,2.9366667
2021,11.0,BARKER RESERVOIR,2.48
2021,11.0,BUFFALO LAKE,-2.46
2021,11.0,LAKE NACONICHE,1.6983333
2021,11.0,LOWER RUNNING WATER DRAW WS SCS SITE 2,1.2583333
2021,11.0,LOWER RUNNING WATER DRAW WS SCS SITE 3,-0.20833334
2021,11.0,ALDERS RESERVOIR,2.2466667
2021,12.0,ALAN HENRY RESERVOIR,0.017142849
2021,12.0,ALCOA LAKE,1.24
2021,12.0,ANZALDUAS CHANNEL DAM,5.392857
2021,12.0,AQUILLA LAKE,-1.0528572
2021,12.0,B A STEINHAGEN LAKE,1.6414286
2021,12.0,BARDWELL LAKE,1.59
2021,12.0,BAYLOR LAKE,-1.7714286
2021,12.0,BELTON LAKE,-0.39
2021,12.0,BENBROOK LAKE,-0.74
2021,12.0,BRADY CREEK RESERVOIR,0.21000001
2021,12.0,BRANDY BRANCH COOLING POND,3.1771429
2021,12.0,BRAZORIA RESERVOIR,2.647143
2021,12.0,BRYAN UTILITIES LAKE,2.372857
2021,12.0,CADDO LAKE,2.8485715
2021,12.0,CALAVERAS LAKE,1.9285715
2021,12.0,CANYON LAKE,1.2728572
2021,12.0,CASA BLANCA LAKE,-1.1457143
2021,12.0,CEDAR BAYOU GENERATING POND,1.8571428
2021,12.0,CEDAR CREEK RESERVOIR COLORADO,3.637143
2021,12.0,CEDAR CREEK RESERVOIR TRINITY,2.4771428
2021,12.0,CHAMPION CREEK RESERVOIR,1.3928571
2021,12.0,CHOKE CANYON RESERVOIR,2.0457144
2021,12.0,COLETO CREEK RESERVOIR,4.147143
2021,12.0,COX LAKE / RAW WATER LAKE / RECYCLE LAKE,4.964286
2021,12.0,DELTA LAKE,4.245714
2021,12.0,E V SPENCE RESERVOIR,-0.90000004
2021,12.0,EAGLE LAKE,1.9657142
2021,12.0,EAGLE MOUNTAIN LAKE,-1.0785714
2021,12.0,EAGLE NEST LAKE / MANOR LAKE,3.3557143
2021,12.0,ELLISON CREEK RESERVOIR,3.5814285
2021,12.0,FAIRFIELD LAKE,2.2114286
2021,12.0,FARMER'S CREEK RESERVOIR,-1.53
2021,12.0,FOREST GROVE RESERVOIR,3.1042857
2021,12.0,GIBBONS CREEK RESERVOIR,2.1585715
2021,12.0,GRANGER LAKE,-0.21428572
2021,12.0,GRAPEVINE LAKE,0.20857142
2021,12.0,GREENBELT LAKE,-2.0028572
2021,12.0,GULF COAST WATER AUTHORITY RESERVOIR,2.0528572
2021,12.0,HORDS CREEK LAKE,-0.5914286
2021,12.0,HOUSTON COUNTY LAKE,1.1971428
2021,12.0,HUBBARD CREEK RESERVOIR,0.5542857
2021,12.0,HUBERT H MOSS LAKE,-1.1528572
2021,12.0,IMPERIAL RESERVOIR,-3.182857
2021,12.0,INKS LAKE,1.1128571
2021,12.0,INTERNATIONAL AMISTAD RESERVOIR,-2.4871428
2021,12.0,INTERNATIONAL FALCON RESERVOIR,0.9457143
2021,12.0,JIM CHAPMAN LAKE,1.6457143
2021,12.0,JOE POOL LAKE,0.14285713
2021,12.0,JOHNSON CREEK RESERVOIR,3.4728572
2021,12.0,LAKE ABILENE,-1.6814286
2021,12.0,LAKE AMON G CARTER,-1.21
2021,12.0,LAKE ANAHUAC,1.0871428
2021,12.0,LAKE ARLINGTON,-1.4685714
2021,12.0,LAKE ARROWHEAD,-0.9171428
2021,12.0,LAKE ATHENS,2.9
2021,12.0,LAKE AUSTIN,2.152857
2021,12.0,LAKE BALLINGER / LAKE MOONEN,-0.77
2021,12.0,LAKE BALMORHEA,1.1471429
2021,12.0,LAKE BASTROP,2.4314287
2021,12.0,LAKE BOB SANDLIN,1.6828572
2021,12.0,LAKE BONHAM,-0.91571426
2021,12.0,LAKE BRIDGEPORT,0.44428572
2021,12.0,LAKE BROWNWOOD,-1.2171428
2021,12.0,LAKE BUCHANAN,-0.14142856
2021,12.0,LAKE CHEROKEE,1.8285714
2021,12.0,LAKE CISCO,-0.43571427
2021,12.0,LAKE CLYDE,2.4642856
2021,12.0,LAKE COLEMAN,1.7314286
2021,12.0,LAKE COLORADO CITY,1.52
2021,12.0,LAKE CONROE,1.17
2021,12.0,LAKE CORPUS CHRISTI RESERVOIR,4.3557143
2021,12.0,LAKE CREEK LAKE,0.95
2021,12.0,LAKE CROOK,1.2785715
2021,12.0,LAKE CYPRESS SPRINGS,1.1557143
2021,12.0,LAKE DANIEL,1.52
2021,12.0,LAKE DAVIS,-1.8457142
2021,12.0,LAKE DIVERSION,-1.8671428
2021,12.0,LAKE DUNLAP,1.75
2021,12.0,LAKE ELECTRA,-1.7657143
2021,12.0,LAKE FORK RESERVOIR,2.6557143
2021,12.0,LAKE FORT PHANTOM HILL,-0.7
2021,12.0,LAKE GEORGETOWN,1.5514286
2021,12.0,LAKE GILMER,1.7142857
2021,12.0,LAKE GLADEWATER,2.9557142
2021,12.0,LAKE GONZALES (H-4),4.372857
2021,12.0,LAKE GRAHAM,0.27285713
2021,12.0,LAKE GRANBURY,0.54285717
2021,12.0,LAKE HALBERT,-1.1028571
2021,12.0,LAKE HOUSTON,2.1342857
2021,12.0,LAKE J B THOMAS,-0.94
2021,12.0,LAKE JACKSONVILLE,1.7142857
2021,12.0,LAKE KEMP,0.20142856
2021,12.0,LAKE KICKAPOO,-1.7114286
2021,12.0,LAKE KIRBY,-1.6085714
2021,12.0,LAKE KURTH,1.2871429
2021,12.0,LAKE LEON,1.4257143
2021,12.0,LAKE LIMESTONE,2.7557142
2021,12.0,LAKE LIVINGSTON,1.6442857
2021,12.0,LAKE LYNDON B JOHNSON,-0.8414286
2021,12.0,LAKE MARBLE FALLS,1.0128571
2021,12.0,LAKE MCQUEENEY,2.5071428
2021,12.0,LAKE MEREDITH,-2.1771429
2021,12.0,LAKE MEXIA,1.7357143
2021,12.0,LAKE MINERAL WELLS,2.127143
2021,12.0,LAKE MURVAUL,2.202857
2021,12.0,LAKE NACOGDOCHES,1.8085715
2021,12.0,LAKE NASWORTHY,-0.40142858
2021,12.0,LAKE O' THE PINES,3.9942858
2021,12.0,LAKE OLNEY / LAKE COOPER,-0.9385714
2021,12.0,LAKE PALESTINE,3.537143
2021,12.0,LAKE PALO PINTO,2.9571428
2021,12.0,LAKE PAT CLEBURNE,-1.1157143
2021,12.0,LAKE PAULINE,-2.0657144
2021,12.0,LAKE RAY HUBBARD,1.4
2021,12.0,LAKE RAY ROBERTS,0.6242857
2021,12.0,LAKE STAMFORD,-1.6857142
2021,12.0,LAKE STRIKER,1.1271429
2021,12.0,LAKE SULPHUR SPRINGS,-1.5885714
2021,12.0,LAKE SWEETWATER,0.014285718
2021,12.0,LAKE TAWAKONI,1.9671428
2021,12.0,LAKE TEXANA,5.5657144
2021,12.0,LAKE TEXOMA,-0.96999997
2021,12.0,LAKE TRAVIS,2.3685715
2021,12.0,LAKE TYLER,2.0914285
2021,12.0,LAKE WACO,1.4785714
2021,12.0,LAKE WALTER E LONG,1.1385714
2021,12.0,LAKE WAXAHACHIE,2.5285714
2021,12.0,LAKE WEATHERFORD,-0.10857141
2021,12.0,LAKE WHITNEY,0.65
2021,12.0,LAKE WICHITA,-1.6157143
2021,12.0,LAKE WINTERS/NEW LAKE WINTERS,1.1871428
2021,12.0,LAKE WORTH,-0.49714285
2021,12.0,LAVON LAKE,2.22
2021,12.0,LEWIS CREEK RESERVOIR,1.7028571
2021,12.0,LEWISVILLE LAKE,2.1771429
2021,12.0,LOMA ALTA LAKE,4.2214284
2021,12.0,LOST CREEK RESERVOIR,-1.1
2021,12.0,MACKENZIE RESERVOIR,-1.92
2021,12.0,MARTIN LAKE,2.41
2021,12.0,MEDINA LAKE,0.58
2021,12.0,MILLERS CREEK RESERVOIR,-2.0571427
2021,12.0,MITCHELL COUNTY RESERVOIR,2.107143
2021,12.0,MONTICELLO RESERVOIR,1.55
2021,12.0,MOUNTAIN CREEK LAKE,1.0885714
2021,12.0,MUD LAKE NO. 4,4.3142858
2021,12.0,MUSTANG LAKE EAST/MUSTANG LAKE WEST,2.377143
2021,12.0,NAVARRO MILLS LAKE,-0.42285714
2021,12.0,NEW TERRELL CITY LAKE,-0.22714286
2021,12.0,NORTH FORK BUFFALO CREEK RESERVOIR,-1.4285713
2021,12.0,NORTH LAKE,-0.45428574
2021,12.0,O C FISHER LAKE,0.25
2021,12.0,O H IVIE RESERVOIR,-0.12857144
2021,12.0,OAK CREEK RESERVOIR,0.22571428
2021,12.0,PALO DURO RESERVOIR,-1.7642857
2021,12.0,PAT MAYSE LAKE,1.2542857
2021,12.0,PEACOCK SITE 1A TAILINGS RESERVOIR,2.9657142
2021,12.0,PINKSTON RESERVOIR,1.1157143
2021,12.0,POSSUM KINGDOM LAKE,2.9214287
2021,12.0,PROCTOR LAKE,0.6142857
2021,12.0,RANDELL LAKE,1.2885714
2021,12.0,RED BLUFF RESERVOIR,1.2628572
2021,12.0,RED DRAW RESERVOIR,-0.46142855
2021,12.0,RICHLAND-CHAMBERS RESERVOIR,0.8642857
2021,12.0,RIVER CREST LAKE,1.8242856
2021,12.0,SAM RAYBURN RESERVOIR,2.0528572
2021,12.0,SANTA ROSA LAKE,-0.67714286
2021,12.0,SHELDON RESERVOIR,1.9071429
2021,12.0,SMITHERS LAKE,2.9257143
2021,12.0,SOMERVILLE LAKE,2.0542858
2021,12.0,SOUTH TEXAS PROJECT RESERVOIR,4.1014285
2021,12.0,SQUAW CREEK RESERVOIR,1.1328572
2021,12.0,STILLHOUSE HOLLOW LAKE,-1.0385715
2021,12.0,SULPHUR SPRINGS DRAW STORAGE RESERVOIR,-1.2271428
2021,12.0,TOLEDO BEND RESERVOIR,3.8328571
2021,12.0,TRADINGHOUSE CREEK RESERVOIR,2.5428572
2021,12.0,TRINIDAD LAKE,-0.19571428
2021,12.0,TWIN BUTTES RESERVOIR,1.2828572
2021,12.0,TWIN OAK RESERVOIR,3.95
2021,12.0,UPPER NUECES LAKE,0.47714287
2021,12.0,VALLEY ACRES RESERVOIR,4.8857145
2021,12.0,VALLEY LAKE,-0.24000001
2021,12.0,VICTOR BRAUNIG LAKE,1.6228571
2021,12.0,WALLISVILLE LAKE,1.5314286
2021,12.0,WELSH RESERVOIR,2.77
2021,12.0,WHITE RIVER LAKE,-1.8442857
2021,12.0,WHITE ROCK LAKE,0.69285715
2021,12.0,WILLIAM HARRIS RESERVOIR,3.0714285
2021,12.0,WRIGHT PATMAN LAKE,3.3885715
2021,12.0,TAILING PONDS NO. 2,4.8471427
2021,12.0,TAILING PONDS,4.178571
2021,12.0,COFFEE MILL LAKE,-0.17714287
2021,12.0,LAKE HAWKINS,1.8271428
2021,12.0,LAKE HOLBROOK,1.7057143
2021,12.0,LAKE QUITMAN,2.57
2021,12.0,LAKE WINNSBORO,1.9671428
2021,12.0,LAKE KIOWA,1.4528571
2021,12.0,BARNEY M DAVIS RESERVOIR,4.674286
2021,12.0,BIVINS LAKE,-1.9385715
2021,12.0,TRUSCOTT BRINE LAKE,-2.1557143
2021,12.0,LAKE RITA BLANCA,-1.8257142
2021,12.0,SAN ESTEBAN LAKE,-3.347143
2021,12.0,CAMP CREEK LAKE,4.292857
2021,12.0,NATURAL DAM LAKE,-1.1757143
2021,12.0,J.D. MURPHREE WILDLIFE IMPOUNDMENT,2.5942857
2021,12.0,ADDICKS RESERVOIR,2.2314286
2021,12.0,BARKER RESERVOIR,1.7428572
2021,12.0,BUFFALO LAKE,-2.8642857
2021,12.0,LAKE NACONICHE,0.94285715
2021,12.0,LOWER RUNNING WATER DRAW WS SCS SITE 2,-0.43428573
2021,12.0,LOWER RUNNING WATER DRAW WS SCS SITE 3,-1.5742857
2021,12.0,ALDERS RESERVOIR,1.8185714
